CONTNUM|MFGPART|MFGNAME|PRODNAME|VENDPART|PRODDESC|PRODDESC2|PRODDESC3|PRODDESC4|NSN|VALUE1|VALUE2|VALUE3|DVOLUME|D_VUNIT|ISSCODE|QTY_UNIT|QP_UNIT|STDPACK|WEIGHT|SIN|PPOINT|INCR_OF|P_WWW|WARNUMBER|WARPERIOD|P_DELIV|LEADTIME|UNIT1|UNIT2|UNIT3|TYPE1|TYPE2|TYPE3|ITEMTYPE|UPC|UNSPSC|FOB_AK|FOB_HI|FOB_PR|FOB_US|PSC_CODE|GSAPRICE|TEMPRICE|TPRSTART|TPRSTOP|MLP|ZONE_NUM
47QSHA19D003A|25026-CPPL|CASTROL|BRAYCOTE 610 (35 LB)|25026-CPPL|BRAYCOTE 610 (35 lb) - 1 Pail - 35 Pounds|||||12|12|16|1.33|CF|PA|1|EA||40|834 900|US||http://https://www.acilube.com/braycote-610-35lb-mil-prf-10924-grease.html|0|STND|21|AF|IN|IN|IN|LN|WD|HT|P|99999999999999||O|O|O|O|8020|441.04|0|||451.27|00
47QSHA19D003A|25052-AECP|CASTROL|BRAYCOTE 868   12-1 LB - 1 CAS|25052-AECP|BRAYCOTE 868   12x1 lb - 1 Case|||||21|17|7|1.45|CF|CA|14|LB||14|834 900|US||http://https://www.acilube.com/braycote-868-1lb-mil-dtl-25681-grease.html|0|STND|21|AF|IN|IN|IN|LN|WD|HT|P|99999999999999||O|O|O|W|8020|870.96|0|||891.16|00
47QSHA19D003A|25087-CECS|CASTROL|BRAYCOTE 444 (10X14.1OZ CART)|25087-CECS|BRAYCOTE 444 (10x14.1oz Cart) - 1 Case|||||11|5|16|0.32|CF|CT|10|BO||10|834 900|US||http://https://www.acilube.com/braycote-444-14oz-bms-334a-grease.html|0|STND|21|AF|IN|IN|IN|LN|WD|HT|P|99999999999999||O|O|O|O|8020|5423.4|0|||5549.2|00
47QSHA19D003A|25087-CEP|CASTROL|BRAYCOTE 444 - 1 PAIL - 35 POUNDS|25087-CEP|BRAYCOTE 444 - 1 Pail - 35 Pounds|||||12|12|16|1.33|CF|PA|1|EA||40|834 900|US||http://https://www.acilube.com/braycote-444-35lb-bms-334-grease.html|0|STND|21|AF|IN|IN|IN|LN|WD|HT|P|99999999999999||O|O|O|O|8020|19916.42|0|||20378.4|00
47QSHA19D003A|25113-ATCN|CASTROL|BRAYCOTE 3214  6.5 LB CAN|25113-ATCN|BRAYCOTE 3214  6.5 LB CAN|||||14|14|10|1.13|CF|CN|1|EA||50|834 900|US||http://https://www.acilube.com/braycote-3214-6-5lb-mil-prf-32014-grease.html|0|STND|21|AF|IN|IN|IN|LN|WD|HT|P|99999999999999||O|O|O|O|8020|167.31|0|||172.48|00
47QSHA19D003A|25113-ATCS|CASTROL|BRAYCOTE 3214 50 X 14 OZ CARTRIDGE|25113-ATCS|BRAYCOTE 3214 50 x 14 OZ CARTRIDGE|||||25|12|11|1.91|CF|CA|50|CQ||50|834 900|US||https://www.acilube.com/braycote-3214-14oz-mil-prf-32014-grease.html|0|STND|21|AF|IN|IN|IN|LN|WD|HT|P|99999999999999||O|O|O|O|8020|1251.83|0|||1280.87|00
47QSHA19D003A|25113-ATJR|CASTROL|BRAYCOTE 3214 1.75 LB|25113-ATJR|BRAYCOTE 3214 1.75 LB|||||3|3|6|0.03|CF|CN|1|EA||1.75|834 900|US||http://https://www.acilube.com/royco-1-75-mil-prf-32014-grease.html|0|STND|21|AF|IN|IN|IN|LN|WD|HT|P|99999999999999||O|O|O|O|8020|47.73|0|||48.84|00
47QSHA19D003A|25113-ATPL|CASTROL|BRAYCOTE 3214 35 LB PAIL|25113-ATPL|BRAYCOTE 3214 - 1 Pail - 35 Pounds|||||12|12|16|1.33|CF|PA|35|LB||40|834 900|US||http://https://www.acilube.com/braycote-3214-1-75-mil-prf-32014-grease.html|0|STND|21|AF|IN|IN|IN|LN|WD|HT|P|99999999999999||O|O|O|O|8020|860.64|0|||880.6|00
47QSHA19D003A|27002-AECZ|CASTROL|BRAYCO 599 12 - 8 OZ|27002-AECZ|BRAYCO 599 12 - 8 oz Case|||||9|7|6|0.22|CF|CA|12|CN||6|834 900|US||http://https://www.acilube.com/royco-599-8oz-mil-prf-23699-corrosion-preventives|0|STND|21|AF|IN|IN|IN|LN|WD|HT|P|99999999999999||O|O|O|O|8020|270.56|0|||276.84|00
47QSHA19D003A|27002-AEDR|CASTROL|BRAYCO 599 DRUM|27002-AEDR|BRAYCO 599 55 Gallon Drum|||||23|23|36|11.02|CF|DR|55|GA||500|834 900|US||http://https://www.acilube.com/brayco-599-55gl-mil-prf-23699.html|0|STND|21|AF|IN|IN|IN|LN|WD|HT|P|99999999999999||O|O|O|O|8020|8943.21|0|||9151.27|00
47QSHA19D003A|27006-AECD|CASTROL|BRAYCO 300 12X1QT|27006-AECD|BRAYCO 300 12X1QT - 1 Case|||||21|17|7|1.45|CF|CA|12|QT||24|834 900|US||http://https://www.acilube.com/brayco-300-qt-mil-prf-32033a.html|0|STND|21|AF|IN|IN|IN|LN|WD|HT|P|99999999999999||O|O|O|O|8020|145.15|0|||148.52|00
47QSHA19D003A|27006-AEDR|CASTROL|BRAYCO 300 - 1 DRUM|27006-AEDR|BRAYCO 300 - 1 Drum - 55 Gallons|||||23|23|36|11.02|CF|DR|55|GA||500|834 900|US||http://https://www.acilube.com/brayco-300-55gl-mil-prf-32033.html|0|STND|21|AF|IN|IN|IN|LN|WD|HT|P|99999999999999||O|O|O|O|8020|1330.93|0|||1361.8|00
47QSHA19D003A|27007-AECD|CASTROL|BRAYCO MICRONIC 756 12 - 1 QT CAN|27007-AECD|BRAYCO MICRONIC 756 12 - 1 QT Can - Case|||||21|17|7|1.45|CF|CA|12|QT||24|834 900|US||http://https://www.acilube.com/brayco-756-qt-mil-prf-5606-hydraulic-fluid.html|0|STND|21|AF|IN|IN|IN|LN|WD|HT|P|99999999999999||O|O|O|O|8020|97.41|0|||99.67|00
47QSHA19D003A|27007-AECN|CASTROL|BRAYCO MICRONIC 756 6 - 1 GL CN|27007-AECN|BRAYCO MICRONIC 756 6 - 1 GL CN - Case|||||14|14|10|1.13|CF|CA|6|CN||50|834 900|US||http://https://www.acilube.com/brayco-756-gl-mil-prf-5606-hydraulic-fluid.html|0|STND|21|AF|IN|IN|IN|LN|WD|HT|P|99999999999999||O|O|O|O|8020|186.84|0|||191.17|00
47QSHA19D003A|27007-AEDR|CASTROL|BRAYCO MICRONIC 756 -55 GAL|27007-AEDR|BRAYCO MICRONIC 756 - 1 Drum - 55 Gallons|||||23|23|23|11.02|CF|DR|55|GA||500|834 900|US||http://https://www.acilube.com/brayco-756-55gl-mil-prf-5606-hydraulic-fluid.html|0|STND|21|AF|IN|IN|IN|LN|WD|HT|P|99999999999999||O|O|O|O|8020|1135.98|0|||1162.33|00
47QSHA19D003A|27007-AEPL|CASTROL|BRAYCO MICRONIC 756 - 5 GALLON PAIL|27007-AEPL|BRAYCO MICRONIC 756 - 5 Gallon Pail|||||12|12|16|1.33|CF|PA|5|GA||45|834 900|US||http://https://www.acilube.com/brayco-756-5gl-mil-prf-5606-hydraulic-fluid.html|0|STND|21|AF|IN|IN|IN|LN|WD|HT|P|99999999999999||O|O|O|O|8020|121.9|0|||124.73|00
47QSHA19D003A|27009-AECD|CASTROL|BRAYCO MICRONIC 882  12 - 1QT CASE|27009-AECD|BRAYCO MICRONIC 882  12 - 1QT CASE|||||21|17|7|1.45|CF|CA|12|QT||24|834 900|US||http://https://www.acilube.com/brayco-882-qt-mil-prf-83282-hydraulic-fluid.html|0|STND|21|AF|IN|IN|IN|LN|WD|HT|P|99999999999999||O|O|O|O|8020|104.86|0|||107.29|00
47QSHA19D003A|27009-AECN|CASTROL|BRAYCO MICRONIC 882 6/1 GL CN|27009-AECN|BRAYCO MICRONIC 882 6/1 GL CN - 1 Case|||||14|14|10|1.13|CF|CA|6|GA||50|834 900|US||http://https://www.acilube.com/brayco-882-gl-mil-prf-83282-hydraulic-fluid.html|0|STND|21|AF|IN|IN|IN|LN|WD|HT|P|99999999999999||O|O|O|O|8020|191.61|0|||196.05|00
47QSHA19D003A|27009-AEDR|CASTROL|BRAYCO MICRONIC 882 - 1 DRUM - 55 GALLON|27009-AEDR|BRAYCO MICRONIC 882 - 1 Drum - 55 Gallons|||||23|23|36|11.02|CF|DR|55|GA||500|834 900|US||http://https://www.acilube.com/brayco-882-55gl-mil-prf-83282-hydraulic-fluid.htm|0|STND|21|AF|IN|IN|IN|LN|WD|HT|P|99999999999999||O|O|O|O|8020|1267.14|0|||1296.53|00
47QSHA19D003A|27009-AEPL|CASTROL|BRAYCO MICRONIC 882 - 1 PAIL - 5 GL|27009-AEPL|BRAYCO MICRONIC 882 - 1 Pail - 5 Gallons|||||12|12|12|1.33|CF|PA|5|GA||45|834 900|US||http://https://www.acilube.com/brayco-882-5gl-mil-prf-83282-hydraulic-fluid.html|0|STND|21|AF|IN|IN|IN|LN|WD|HT|P|99999999999999||O|O|O|O|8020|136.45|0|||140.67|00
47QSHA19D003A|27010-AEDR|CASTROL|BRAYCO MICRONIC 883 - 1 DRUM - 55 GL|27010-AEDR|BRAYCO MICRONIC 883 - 1 Drum - 55 Gallons|||||23|23|36|11.02|CF|DR|55|GA||500|834 900|US||http://https://www.acilube.com/bracyo-883-55gl-mil-prf-46170-hydraulic-fluid.htm|0|STND|21|AF|IN|IN|IN|LN|WD|HT|P|99999999999999||O|O|O|O|8020|1375.37|0|||1407.27|00
47QSHA19D003A|27012-AEDR|CASTROL|BRAYCO 717 - 1 DRUM - 55 GALLONS|27012-AEDR|BRAYCO 717 - 1 Drum - 55 Gallons|||||23|23|36|11.02|CF|DR|55|GA||500|834 900|US||http://https://www.acilube.com/brayco-717-55gl-mil-dtl-17111-hydraulic-fluid.htm|0|STND|21|AF|IN|IN|IN|LN|WD|HT|P|99999999999999||O|O|O|O|8020|1495.77|0|||1530.47|00
47QSHA19D003A|27012-AEPL|CASTROL|BRAYCO 717 - 1 PAIL - 5 GALLONS|27012-AEPL|BRAYCO 717 - 1 Pail - 5 Gallons|||||12|12|16|1.33|CF|PA|5|GA||45|834 900|US||http://https://www.acilube.com/brayco-717-5gl-mil-dtl-17111e-hydraulic-fluid.htm|0|STND|21|AF|IN|IN|IN|LN|WD|HT|P|99999999999999||O|O|O|O|8020|241.14|0|||246.73|00
47QSHA19D003A|27014-AEBK|CASTROL|BRAYCO 460 - 1 GALLON|27014-AEBK|BRAYCO 460 - 1 Gallon|||||7|7|8|0.23|CF|CN|1|GA||8|834 900|US||http://https://www.acilube.com/brayco-460-gl-mil-prf-6081-turbine-oil.html|0|STND|21|AF|IN|IN|IN|LN|WD|HT|P|99999999999999||O|O|O|O|8020|14.83|0|||15.17|00
47QSHA19D003A|27014-AEDR|CASTROL|BRAYCO 460 - 1 DRUM - 55 GALLONS|27014-AEDR|BRAYCO 460 - 1 Drum - 55 Gallons|||||23|23|36|11.02|CF|DR|55|GA||500|834 900|US||http://https://www.acilube.com/brayco-460-55gl-mil-prf-6081-turbine-oil.html|0|STND|21|AF|IN|IN|IN|LN|WD|HT|P|99999999999999||O|O|O|O|8020|1047.82|0|||1072.13|00
47QSHA19D003A|27014-AEPL|CASTROL|BRAYCO 460 - 1 PAIL - 5 GALLONS|27014-AEPL|BRAYCO 460 - 1 Pail - 5 Gallons|||||12|12|16|1.33|CF|PA|5|GA||45|834 900|US||http://https://www.acilube.com/brayco-460-5gl-mil-prf-6081-turbine-oil.html|0|STND|21|AF|IN|IN|IN|LN|WD|HT|P|99999999999999||O|O|O|O|8020|119.23|0|||122|00
47QSHA19D003A|27018-AEDR|CASTROL|BRAYCO MICRONIC 783 - 1 DRUM - 55 GALLON|27018-AEDR|BRAYCO MICRONIC 783 - 1 Drum - 55 Gallons|||||23|23|36|11.02|CF|DR|55|GA||500|834 900|US||https://www.acilube.com/brayco-783-55gl-mil-prf-6083-hydraulic-fluid.html|0|STND|21|AF|IN|IN|IN|LN|WD|HT|P|99999999999999||O|O|O|O|8020|1297.24|0|||1327.33|00
47QSHA19D003A|27019-AEDR|CASTROL|BRAYCO MICRONIC 889 - 1 DRUM - 55 GALLON|27019-AEDR|BRAYCO MICRONIC 889 - 1 Drum - 55 Gallons|||||23|23|36|11.02|CF|DR|55|GA||500|834 900|US||https://www.acilube.com/brayco-889-55gl-mil-prf-87252-specialty-fluid.html|0|STND|21|AF|IN|IN|IN|LN|WD|HT|P|99999999999999||O|O|O|O|8020|2179.51|0|||2230.07|00
47QSHA19D003A|27019-AEPL|CASTROL|BRAYCO MICRONIC 889 - 1 PAIL - 5 GALLONS|27019-AEPL|BRAYCO MICRONIC 889 - 1 Pail - 5 Gallons|||||12|12|16|1.33|CF|PA|5|GA||45|834 900|US||https://www.acilube.com/brayco-889-5gl-mil-prf-87252-speciality-fluids.html|0|STND|21|AF|IN|IN|IN|LN|WD|HT|P|99999999999999||O|O|O|O|8020|254.69|0|||260.6|00
47QSHA19D003A|27020-AECD|CASTROL|BRAYCO MICRONIC 881 12 - 1QT - 1 CASE|27020-AECD|BRAYCO MICRONIC 881 12 - 1QT - 1 Case|||||21|17|7|1.45|CF|CA|12|QT||24|834 900|US||https://www.acilube.com/brayco-881-qt-mil-87257-hydraulic-fluid.html|0|STND|21|AF|IN|IN|IN|LN|WD|HT|P|99999999999999||O|O|O|O|8020|131.63|0|||134.68|00
47QSHA19D003A|27020-AEDR|CASTROL|BRAYCO MICRONIC 881 - 1 DRUM - 55 GALLON|27020-AEDR|BRAYCO MICRONIC 881 - 1 Drum - 55 Gallons|||||23|23|36|11.02|CF|DR|55|GA||500|834 900|US||https://www.acilube.com/brayco-881-55gl-mil-prf-87257-hydraulic-fluid.html|0|STND|21|AF|IN|IN|IN|LN|WD|HT|P|99999999999999||O|O|O|O|8020|1848.39|0|||1891.27|00
47QSHA19D003A|27020-AEPL|CASTROL|BRAYCO MICRONIC 881 - 1 PAIL - 5 GALLONS|27020-AEPL|BRAYCO MICRONIC 881 - 1 Pail - 5 Gallons|||||12|12|16|1.33|CF|PA|5|GA||45|834 900|US||https://www.acilube.com/brayco-881-5gl-mil-prf-87257-hydraulic-fluid.html|0|STND|21|AF|IN|IN|IN|LN|WD|HT|P|99999999999999||O|O|O|O|8020|180.87|0|||185.07|00
47QSHA19D003A|27021-AECD|CASTROL|BRAYCO 885 12 - 1 QT - 1 CASE|27021-AECD|BRAYCO 885 12 - 1 QT - 1 Case|||||21|17|7|1.45|CF|CA|12|QT||24|834 900|US||https://www.acilube.com/brayco-885-qt-mil-prf-6085-speciality-fluids.html|0|STND|21|AF|IN|IN|IN|LN|WD|HT|P|99999999999999||O|O|O|O|8020|272.35|0|||278.67|00
47QSHA19D003A|27021-AEDR|CASTROL|BRAYCO 885 - 1 DRUM - 55 GALLONS|27021-AEDR|BRAYCO 885 - 1 Drum - 55 Gallons|||||23|23|36|11.02|CF|DR|55|GA||500|834 900|US||https://www.acilube.com/brayco-885-55gl-mil-prf-6085-speciality-fluid.html|0|STND|21|AF|IN|IN|IN|LN|WD|HT|P|99999999999999||O|O|O|O|8020|3565.62|0|||3648.33|00
47QSHA19D003A|27026-AEDR|CASTROL|BRAYCO MICRONIC 776 RP - 1 DRUM - 55 GAL|27026-AEDR|BRAYCO MICRONIC 776 RP - 1 Drum - 55 Gallons|||||23|23|36|11.02|CF|DR|55|GA||500|834 900|US||https://www.acilube.com/brayco-776-55gl-hydraulic-fluid.html|0|STND|21|AF|IN|IN|IN|LN|WD|HT|P|99999999999999||O|O|O|O|8020|1343.12|0|||1374.27|00
47QSHA19D003A|27027-BECS|CASTROL|CASTROL AERO 40   12 - 1 QT - 1 CASE|27027-BECS|CASTROL AERO 40 - 12 - 1 QT - 1 Case|||||21|17|7|1.45|CF|CA|12|QT||24|834 900|US||https://www.acilube.com/castrol-aero-40-bms-3-32c-hydraulic-fluid.html|0|STND|21|AF|IN|IN|IN|LN|WD|HT|P|99999999999999||O|O|O|O|8020|160.94|0|||164.67|00
47QSHA19D003A|27027-BEDR|CASTROL|CASTROL AERO 40 - 1 DRUM - 55 GALLONS|27027-BEDR|CASTROL AERO 40 - 1 Drum - 55 Gallons|||||23|23|36|11.02|CF|DR|55|GA||500|834 900|US||https://www.acilube.com/castrol-aero-40-55gl-hydraulic-fluids.html|0|STND|21|AF|IN|IN|IN|LN|WD|HT|P|99999999999999||O|O|O|O|8020|1240.62|0|||1269.4|00
47QSHA19D003A|27027-BEPL|CASTROL|CASTROL AERO 40 - 1 PAIL - 5 GALLONS|27027-BEPL|CASTROL AERO 40 - 1 Pail - 5 Gallons|||||12|12|16|1.33|CF|PA|5|GA||45|834 900|US||https://www.acilube.com/castrol-aero-40-55gl-hydraulic-fluid.html|0|STND|21|AF|IN|IN|IN|LN|WD|HT|P|99999999999999||O|O|O|O|8020|141.45|0|||144.73|00
47QSHA19D003A|27028-BEDR|CASTROL|CASTROL AERO 40 RED - 1 DRUM - 55 GALLON|27028-BEDR|CASTROL AERO 40 RED - 1 Drum - 55 Gallons|||||23|23|36|11.02|CF|DR|55|GA||500|834 900|US||https://www.acilube.com/castrol-aero-40-red-55gl-hydraulic-fluid.html|0|STND|21|AF|IN|IN|IN|LN|WD|HT|P|99999999999999||O|O|O|O|8020|1250.66|0|||1279.67|00
47QSHA19D003A|27028-BEPL|CASTROL|CASTROL AERO 40 RED - 1 PAIL - 5 GALLONS|27028-BEPL|CASTROL AERO 40 RED - 1 Pail - 5 Gallons|||||12|12|16|1.33|CF|PA|5|GA||45|834 900|US||https://www.acilube.com/castrol-aero-40-red-5gl-hydraulic-fluid.html|0|STND|21|AF|IN|IN|IN|LN|WD|HT|P|99999999999999||O|O|O|O|8020|161.85|0|||165.6|00
47QSHA19D003A|27029-AECD|CASTROL|BRAYCO 363 - 12 - 1 QT OBL - 1 CASE|27029-AECD|BRAYCO 363 - 12 - 1 QT OBL - 1 Case|||||21|17|7|1.45|CF|CA|12|QT||24|834 900|US||https://www.acilube.com/brayco-363-qt-mil-prf-7870-corrosion-preventives.html|0|STND|21|AF|IN|IN|IN|LN|WD|HT|P|99999999999999||O|O|O|O|8020|151.37|0|||154.88|00
47QSHA19D003A|27029-AEDR|CASTROL|BRAYCO 363 - 1 DRUM - 55 GALLONS|27029-AEDR|BRAYCO 363 - 1 Drum - 55 Gallons|||||23|23|36|11.02|CF|DR|55|GA||500|834 900|US||https://www.acilube.com/brayco-363-55gl-mil-prf-7870-hydraulic-fluid.html|0|STND|21|AF|IN|IN|IN|LN|WD|HT|P|99999999999999||O|O|O|O|8020|2029.72|0|||2076.8|00
47QSHA19D003A|27030-AEDR|CASTROL|BRAYCO 589 - 1 DRUM - 55 GALLONS|27030-AEDR|BRAYCO 589 - 1 Drum - 55 Gallons|||||23|23|36|11.02|CF|DR|55|GA||500|834 900|US||https://www.acilube.com/brayco-589-55gl-mil-prf-8188-corrosion-preventives.html|0|STND|21|AF|IN|IN|IN|LN|WD|HT|P|99999999999999||O|O|O|O|8020|4568.3|0|||4674.27|00
47QSHA19D003A|27030-AEPL|CASTROL|BRAYCO 589 - 1 PAIL - 5 GALLONS|27030-AEPL|BRAYCO 589 - 1 Pail - 5 Gallons|||||12|12|16|1.33|CF|PA|5|GA||45|834 900|US||https://www.acilube.com/brayco-589-5gl-mil-prf-8188-corrosion-preventives.html|0|STND|21|AF|IN|IN|IN|LN|WD|HT|P|99999999999999||O|O|O|O|8020|449.84|0|||460.27|00
47QSHA19D003A|27034-ATBK|CASTROL|BRAYCO 922 - 1 GALLON - 1 GALLON|27034-ATBK|BRAYCO 922 - 1 Gallon - 1 Gallon|||||7|7|8|0.23|CF|CN|1|GA||8|834 900|US||https://www.acilube.com/brayco-922-gl-mil-prf-7024-speciality-fluid.html|0|STND|21|AF|IN|IN|IN|LN|WD|HT|P|99999999999999||O|O|O|O|8020|13.02|0|||13.32|00
47QSHA19D003A|27034-ATDR|CASTROL|BRAYCO 922 - 1 DRUM - 55 GALLONS|27034-ATDR|BRAYCO 922 - 1 Drum - 55 Gallons|||||23|23|36|11.02|CF|DR|55|GA||500|834 900|US||https://www.acilube.com/brayco-922-55gl-mil-prf-7024-speciality-fluid.html|0|STND|21|AF|IN|IN|IN|LN|WD|HT|P|99999999999999||O|O|O|O|8020|911.65|0|||932.8|00
47QSHA19D003A|27056-APPL|CASTROL|BRAYCOTE 194 - 1 PAIL - 5 GALLONS|27056-APPL|BRAYCOTE 194 - 1 Pail - 5 Gallons|||||12|12|16|1.33|CF|PA|5|GA||45|834 900|US||https://www.acilube.com/braycote-194-5gl-mil-prf-16173-corrosion-preventives.htm|0|STND|21|AF|IN|IN|IN|LN|WD|HT|P|99999999999999||O|O|O|O|8020|462.4|0|||473.13|00
47QSHA19D003A|27058-APPL|CASTROL|BRAYCOTE 236 - 1 PAIL - 35 POUNDS|27058-APPL|BRAYCOTE 236 - 1 Pail - 35 Pounds|||||12|12|16|1.33|CF|PA|5|GA||40|834 900|US||https://www.acilube.com/braycote-236-35lb-vvp-236-corrosion-preventives.html|0|STND|21|AF|IN|IN|IN|LN|WD|HT|P|99999999999999||O|O|O|O|8020|545.03|0|||557.67|00
47QSHA19D003A|27059-APCS|CASTROL|BRAYCOTE 248 12 -1 LB CASE|27059-APCS|BRAYCOTE 248 12 -1 LB CASE|||||21|17|7|1.45|CF|CA|12|QT||12|834 900|US||https://www.acilube.com/braycote-248--1lb-mil-c-11796-cl3-corrosion-preventives.|0|STND|21|AF|IN|IN|IN|LN|WD|HT|P|99999999999999||O|O|O|O|8020|422.29|0|||432.09|00
47QSHA19D003A|27059-APPL|CASTROL|BRAYCOTE 248 - 1 PAIL - 35 POUNDS|27059-APPL|BRAYCOTE 248 - 1 Pail - 35 Pounds|||||12|12|16|1.33|CF|PA|5|GA||40|834 900|US||https://www.acilube.com/braycote-248-35lb-mil-c-11796-cl3-corrosion-preventives.|0|STND|21|AF|IN|IN|IN|LN|WD|HT|P|99999999999999||O|O|O|O|8020|453.35|0|||463.87|00
47QSHA19D003A|27062-BTDR|CASTROL|CASTROL AERO J5 - 1 DRUM - 55 GALLONS|27062-BTDR|CASTROL AERO J5 - 1 Drum - 55 Gallons|||||23|23|36|11.02|CF|DR|55|GA||500|834 900|US||https://www.acilube.com/castrol-aero-j5-55gl-mil-prf-23699--c-i--turbine-oil.htm|0|STND|21|AF|IN|IN|IN|LN|WD|HT|P|99999999999999||O|O|O|O|8020|3802.14|0|||3890.33|00
47QSHA19D003A|27085-BECS|CASTROL|CASTROL AERO 35 YELLOW - 1 CASE 12-QT|27085-BECS|CASTROL AERO 35 YELLOW - 1 Case 12-QT|||||21|17|7|1.45|CF|CA|12|QT||24|834 900|US||https://www.acilube.com/castrol-aero-35-yellow-bms-332-hydraulic-fluid.html|0|STND|21|AF|IN|IN|IN|LN|WD|HT|P|99999999999999||O|O|O|O|8020|156.22|0|||159.84|00
47QSHA19D003A|27085-BEDR|CASTROL|CASTROL AERO 35 YELLOW - 1 DRUM - 55 GAL|27085-BEDR|CASTROL AERO 35 YELLOW - 1 Drum - 55 Gallons|||||23|23|36|11.02|CF|DR|55|GA||500|834 900|US||https://www.acilube.com/castrol-aero-35-yellow-55gl-bms-332-hydraulic-fluid.html|0|STND|21|AF|IN|IN|IN|LN|WD|HT|P|99999999999999||O|O|O|O|8020|1260.69|0|||1289.93|00
47QSHA19D003A|27085-BEPL|CASTROL|CASTROL AERO 35 YELLOW - 1 PAIL - 5 GALL|27085-BEPL|CASTROL AERO 35 YELLOW - 1 Pail - 5 Gallons|||||12|12|16|1.33|CF|PA|5|GA||45|834 900|US||https://www.acilube.com/castrol-aero-35-yellow-5gl-bms-332-hydraulic-fluid.html|0|STND|21|AF|IN|IN|IN|LN|WD|HT|P|99999999999999||O|O|O|O|8020|147.84|0|||151.27|00
47QSHA19D003A|27184-BEDR|CASTROL|BRAYCO 795 - 1 DRUM - 55 GALLONS|27184-BEDR|BRAYCO 795 - 1 Drum - 55 Gallons|||||23|23|36|11.02|CF|DR|55|GA||500|834 900|US||https://www.acilube.com/brayco-795-55gl-hydraulic-fluid.html|0|STND|21|AF|IN|IN|IN|LN|WD|HT|P|99999999999999||O|O|O|O|8020|1597.54|0|||1634.6|00
47QSHA19D003A|C96-CL1-A35|ACI-LUBES CO|CORROSION PREVENTIVE COMPOUND|C96-CL1-A35 (MEETS TECTYL 435)|CORROSION PREVENTIVE COMPOUND A coating compound formulated to physically exclude corrosion causing substances from metal surfaces, and which can be removed by wiping. It may contain corrosion inhibitors. 35LB size that is a hot application corrosion| preventive compound which provides an effective barrier against atmospheric corrosion. The film is firm, tan in color, and opaque. Meets MIL-C-11796 CLASS 1. 8030-00-597-3288|||8030-00-597-3288|0|0|0|1|CF|EA||||1|834 900|US|||0|STND|21|AF||||LN|WD|HT|P|99999999999999||O|O|O|O|8020|210|0|||214.8711|00
47QSHA19D003A|C96-CL1-A7|ACI-LUBES CO|CORROSION PREVENTIVE COMPOUND|C96-CL1-A7 (MEETS TECTYL 435)| 7LB size that is a hot application corrosion preventive compound which provides an effective barrier against atmospheric corrosion. The film is firm, tan in color, and opaque. Meets MIL-C-11796 CLASS 1.|||||0|0|0|1|CF|EA||||1|834 900|US|||0|STND|21|AF||||LN|WD|HT|P|99999999999999||O|O|O|O|8020|130|0|||133.0155|00
47QSHA19D003A|C96-CL1-A01|ACI-LUBES CO|CORROSION PREVENTIVE COMPOUND|C96-CL1-A01 (MEETS TECTYL 435)| 1LB size that is a hot application corrosion preventive compound which provides an effective barrier against atmospheric corrosion. The film is firm, tan in color, and opaque. Meets MIL-C-11796 CLASS 1.|||||0|0|0|1|CF|EA||||1|834 900|US|||0|STND|21|AF||||LN|WD|HT|P|99999999999999||O|O|O|O|8020|95|0|||97.2036|00
47QSHA19D003A|C96-CL1-A5|ACI-LUBES CO|CORROSION PREVENTIVE COMPOUND|C96-CL1-A5 (MEETS TECTYL 435)|CORROSION PREVENTIVE COMPOUND A coating compound formulated to physically exclude corrosion causing substances from metal surfaces, and which can be removed by wiping. It may contain corrosion inhibitors. 5LB size that is a hot application corrosion| preventive compound which provides an effective barrier against atmospheric corrosion. The film is firm, tan in color, and opaque. Meets MIL-C-11796 CLASS 1. 8030-00-231-2354|||8030-00-231-2354|0|0|0|1|CF|EA||||1|834 900|US|||0|STND|21|AF||||LN|WD|HT|P|99999999999999||O|O|O|O|8020|25|0|||25.5799|00
47QSHA19D003A|C96-CL1-55GL|ACI-LUBES CO|CORROSION PREVENTIVE COMPOUND|C96-CL1-55GL (MEETS TECTYL 435)|CORROSION PREVENTIVE COMPOUND A coating compound formulated to physically exclude corrosion causing substances from metal surfaces, and which can be removed by wiping. It may contain corrosion inhibitors. Drum size that is a hot application corrosion| preventive compound which provides an effective barrier against atmospheric corrosion. The film is firm, tan in color, and opaque. Meets MIL-C-11796 CLASS 1. 8030-00-514-1843|||8030-00-514-1843|0|0|0|1|CF|EA||||1|834 900|US|||0|STND|21|AF||||LN|WD|HT|P|99999999999999||O|O|O|O|8020|1159.25|0|||1186.1398|00
47QSHA19D003A|C96-CL3-A01|ACI-LUBES CO|CORROSION PREVENTIVE COMPOUND|C96-CL3-A01 (MEETS TECTYL 437)|CORROSION PREVENTIVE COMPOUND A coating compound formulated to physically exclude corrosion causing substances from metal surfaces, and which can be removed by wiping. It may contain corrosion inhibitors. 1LB size, is a hot application corrosion prev|entive compound which provides an effective barrier against atmospheric corrosion. The film is semi-firm, tan in color, and opaque. Covered under Military Specification MIL-C11796C, Class 3, QPL Reference Number M6154. 8030-00-598-5915|||8030-00-598-5915|0|0|0|1|CF|EA||||1|834 900|US|||0|STND|21|AF||||LN|WD|HT|P|99999999999999||O|O|O|O|8020|6.05|0|||6.1903|00
47QSHA19D003A|C96-CL3-A7|ACI-LUBES CO|CORROSION PREVENTIVE COMPOUND|C96-CL3-A7 MEETS TECTYL 437)|7LB size, is a hot application corrosion preventive compound which provides an effective barrier against atmospheric corrosion. The film is semi-firm, tan in color, and opaque. Covered under Military Specification MIL-C11796C, Class 3, QPL Reference|Number M6154.||||0|0|0|1|CF|EA||||1|834 900|US|||0|STND|21|AF||||LN|WD|HT|P|99999999999999||O|O|O|O|8020|130|0|||133.0155|00
47QSHA19D003A|C96-CL3-A35|ACI-LUBES CO|CORROSION PREVENTIVE COMPOUND|C96-CL3-A35 (MEETS TECTYL 437)|CORROSION PREVENTIVE COMPOUND A coating compound formulated to physically exclude corrosion causing substances from metal surfaces, and which can be removed by wiping. It may contain corrosion inhibitors. 35LB size, is a hot application corrosion pre|ventive compound which provides an effective barrier against atmospheric corrosion. The film is semi-firm, tan in color, and opaque. Covered under Military Specification MIL-C11796C, Class 3, QPL Reference Number M6154. 8030-00-285-1570|||8030-00-285-1570|0|0|0|1|CF|EA||||1|834 900|US|||0|STND|21|AF||||LN|WD|HT|P|99999999999999||O|O|O|O|8020|200|0|||204.6392|00
47QSHA19D003A|ACETONE-1GL|ACI-LUBES CO|ACETONE|ACETONE-1GL|ACETONE 1 gallon can, is an organic compound with the formula (CH3)2CO. It is the simplest and smallest ketone. It is a colorless, volatile, flammable liquid with a characteristic odor. Acetone is miscible with water and serves as an important solven|t in its own right, in industry, home, and laboratory. 6810-01-209-0693|||6810-01-209-0693|0|0|0|1|CF|GA||||1|834 900|US|||0|STND|21|AF||||LN|WD|HT|P|99999999999999||O|O|O|O|8020|19.95|0|||20.4128|00
47QSHA19D003A|ACETONE-5GL|ACI-LUBES CO|ACETONE TECHNICAL|ACETONE-5GL|ACETONE, Technical 5 gallon pail, is an organic compound with the formula (CH3)2CO. It is the simplest and smallest ketone. It is a colorless, volatile, flammable liquid with a characteristic odor. Acetone is miscible with water and serves as an impo|rtant solvent in its own right, in industry, home, and laboratory. 6810-00-184-4796|||6810-00-184-4796|0|0|0|1|CF|GA||||1|834 900|US|||0|STND|21|AF||||LN|WD|HT|P|99999999999999||O|O|O|O|8020|42.58|0|||43.5677|00
47QSHA19D003A|ACETONE-55GL|ACI-LUBES CO|ORGANIC COMPOUND|ACETONE-55GL|55 gallon drum, is an organic compound with the formula (CH3)2CO. It is the simplest and smallest ketone. It is a colorless, volatile, flammable liquid with a characteristic odor. Acetone is miscible with water and serves as an important solvent in i|ts own right, in industry, home, and laboratory.|||6810-00-281-1864|0|0|0|1|CF|DR|55|GA||1|834 900|US|||0|STND|21|AF||||LN|WD|HT|P|99999999999999||O|O|O|O|8020|401.5|0|||410.8131|00
47QSHA19D003A|MEK-55GL|ACI-LUBES CO|METHYL ETHYL KETONE TECHNICAL|MEK-55GL|METHYL ETHYL KETONE,TECHNICAL 55 Gallon Drum, MEK is a liquid solvent used in surface coatings, adhesives, printing inks, chemical intermediates, magnetic tapes and lube oil dewaxing agents. MEK also is used as an extraction medium for fats, oils, wa|xes and resins. It is a highly efficient and versatile solvent for surface coatings. 6810-00-281-2763|||6810-00-281-2763|0|0|0|1|CF|DR|55|GA||1|834 900|US|||0|STND|21|AF||||LN|WD|HT|P|99999999999999||O|O|O|O|8020|596.63|0|||610.4694|00
47QSHA19D003A|MEK-5GL|ACI-LUBES CO|METHYL ETHYL KETONE TECHNICAL|MEK-5GL|METHYL Ethyl Ketone, Technical 5 Gallon Pail, MEK is a liquid solvent used in surface coatings, adhesives, printing inks, chemical intermediates, magnetic tapes and lube oil dewaxing agents. MEK also is used as an extraction medium for fats, oils, wa|xes and resins. It is a highly efficient and versatile solvent for surface coatings. 6810-00-281-2762|||6810-00-281-2762|0|0|0|1|CF|GA||||1|834 900|US|||0|STND|21|AF||||LN|WD|HT|P|99999999999999||O|O|O|O|8020|54.24|0|||55.4981|00
47QSHA19D003A|MEK-1GL|ACI-LUBES CO|METHYL ETHYL KETONE TECHNICAL|MEK-1GL|METHYL Ethyl Ketone, Technical 1 Gallon Can, MEK is a liquid solvent used in surface coatings, adhesives, printing inks, chemical intermediates, magnetic tapes and lube oil dewaxing agents. MEK also is used as an extraction medium for fats, oils, wax|es and resins. It is a highly efficient and versatile solvent for surface coatings. 6810-00-281-2785|||6810-00-281-2785|0|0|0|1|CF|GA||||1|834 900|US|||0|STND|21|AF||||LN|WD|HT|P|99999999999999||O|O|O|O|8020|10.85|0|||11.1017|00
47QSHA19D003A|MEK-QT|ACI-LUBES CO|BENZENE TECHNICAL|MEK-QT|BENZENE , TECHNICAL 1 Quart Can, MEK is a liquid solvent used in surface coatings, adhesives, printing inks, chemical intermediates, magnetic tapes and lube oil dewaxing agents. MEK also is used as an extraction medium for fats, oils, waxes and resin|s. It is a highly efficient and versatile solvent for surface coatings. 6810-00-281-2764|||6810-00-281-2764|0|0|0|1|CF|QT||||1|834 900|US|||0|STND|21|AF||||LN|WD|HT|P|99999999999999||O|O|O|O|8020|8.95|0|||9.1576|00
47QSHA19D003A|99PCT-ISO-ALCO-GAL-CAN|ACI-LUBES CO|ISOPROPYL ALCOHOL TECHNICAL|99% ISOPROPYL ALCOHOL - GALLON CAN SIZE|ISOPROPYL  ALCOHOL, TECHNICAL 1 Gallon Can, Isopropyl alcohol is also found in many everyday products such as paint thinners, inks, general-purpose cleaners, disinfectants and windshield thawing agents. 99% isopropyl alcohol is used to clean surfaces|and also to prevent infection from minor surface wounds like scrapes and cuts. 6810-00-286-5435|||6810-00-286-5435|0|0|0|1|CF|GA||||1|834 900|US|||0|STND|21|AF||||LN|WD|HT|P|99999999999999||O|O|O|O|8020|9.81|0|||10.0376|00
47QSHA19D003A|99PCT-ISO-ALCO-24OZ-BOT|ACI-LUBES CO|ISOPROPYL ALCOHOL|99% ISOPROPYL ALCOHOL - 24OZ SPRAY BOTTL|24oz Spray Bottle, Isopropyl alcohol is also found in many everyday products such as paint thinners, inks, general-purpose cleaners, disinfectants and windshield thawing agents. 99% isopropyl alcohol is used to clean surfaces and also to prevent infe|ction from minor surface wounds like scrapes and cuts.||||0|0|0|1|CF|EA||||1|834 900|US|||0|STND|21|AF||||LN|WD|HT|P|99999999999999||O|O|O|O|8020|8.95|0|||9.1576|00
47QSHA19D003A|99PCT-ISO-ALCO-5GAL-PAIL|ACI-LUBES CO|ISOPROPYL ALCOHOL|99% ISOPROPYL ALCOHOL - 5 GALLON PAIL|5 Gallon Pail, Isopropyl alcohol is also found in many everyday products such as paint thinners, inks, general-purpose cleaners, disinfectants and windshield thawing agents. 99% isopropyl alcohol is used to clean surfaces and also to prevent infectio|n from minor surface wounds like scrapes and cuts.||||0|0|0|1|CF|GA||||1|834 900|US|||0|STND|21|AF||||LN|WD|HT|P|99999999999999||O|O|O|O|8020|36.82|0|||37.6741|00
47QSHA19D003A|99PCT-ISO-ALCO-55GAL-DRUM|ACI-LUBES CO|ISOPROPYL ALCOHOL TECHNICAL|99% ISOPROPYL ALCOHOL - 55 GALLON DRUM|ISOPROYL ALCOHOL, TECHNICAL 55 Gallon Drum, Isopropyl alcohol is also found in many everyday products such as paint thinners, inks, general-purpose cleaners, disinfectants and windshield thawing agents. 99% isopropyl alcohol is used to clean surfaces|and also to prevent infection from minor surface wounds like scrapes and cuts. 6810-00-543-7915|||6810-00-543-7915|0|0|0|1|CF|DR|55|GA||1|834 900|US|||0|STND|21|AF||||LN|WD|HT|P|99999999999999||O|O|O|O|8020|405|0|||414.3943|00
47QSHA19D003A|TOLUENE-55GL|ACI-LUBES CO|TOLUENE|TOLUENE-55GL|TOLUENE 55 Gallon Drum, Toluene (/?t?ljui?n/), also known as toluol (/?t?lju?l/), is an aromatic hydrocarbon. It is a colorless, water-insoluble liquid with the smell associated with paint thinners. It is a mono-substituted benzene derivative, consis|ting of a CH3 group attached to a phenyl group. 6810-00-290-0046|||6810-00-290-0046|0|0|0|1|CF|DR|55|GA||1|834 900|US|||0|STND|21|AF||||LN|WD|HT|P|99999999999999||O|O|O|O|8020|426.67|0|||436.567|00
47QSHA19D003A|TOLUENE-5GL|ACI-LUBES CO|TOLUENE|TOLUENE-5GL|5 Gallon Pail, Toluene (/?t?ljui?n/), also known as toluol (/?t?lju?l/), is an aromatic hydrocarbon. It is a colorless, water-insoluble liquid with the smell associated with paint thinners. It is a mono-substituted benzene derivative, consisting of a|CH3 group attached to a phenyl group.|||6810-00-290-0048|0|0|0|1|CF|GA||||1|834 900|US|||0|STND|21|AF||||LN|WD|HT|P|99999999999999||O|O|O|O|8020|39.95|0|||40.8767|00
47QSHA19D003A|TOLUENE-A1G|ACI-LUBES CO|TOLUENE|TOLUENE-A1G|1 Gallon Can, Toluene (/?t?ljui?n/), also known as toluol (/?t?lju?l/), is an aromatic hydrocarbon. It is a colorless, water-insoluble liquid with the smell associated with paint thinners. It is a mono-substituted benzene derivative, consisting of a|CH3 group attached to a phenyl group.|||6810-00-281-2002|0|0|0|1|CF|GA||||1|834 900|US|||0|STND|21|AF||||LN|WD|HT|P|99999999999999||O|O|O|O|8020|12.95|0|||13.2504|00
47QSHA19D003A|TOLUENE-QT|ACI-LUBES CO|TOLUENE|TOLUENE-QT|1 Quart Can, Toluene (/?t?ljui?n/), also known as toluol (/?t?lju?l/), is an aromatic hydrocarbon. It is a colorless, water-insoluble liquid with the smell associated with paint thinners. It is a mono-substituted benzene derivative, consisting of a C|H3 group attached to a phenyl group.|||6810-00-579-8431|0|0|0|1|CF|QT||||1|834 900|US|||0|STND|21|AF||||LN|WD|HT|P|99999999999999||O|O|O|O|8020|8.95|0|||9.1576|00
47QSHA19D003A|P-D-680 TY 1-PT|ACI-LUBES CO|MINERAL SPIRITS|P-D-680 TY 1 - PT (MINERAL SPIRITS 66)|1 Pint Can, Mineral Spirits 66. Mineral Spirits is a water white, odorless, high flash point mineral spirits that is ideal for parts cleaning. This product has a flash point of 100 F and very low aromatic content (less than 1%). Being a low aromatic|product means it is less irritating to skin tissue.||||0|0|0|1|CF|PT||||1|834 900|US|||0|STND|21|AF||||LN|WD|HT|P|99999999999999||O|O|O|O|8020|12.95|0|||13.2504|00
47QSHA19D003A|P-D-680 TY2-QUART|ACI-LUBES CO|PARAFFINIC NAPHTHENIC SOLVENT|P-D-680 TY2 - QUART (142 SOLVENT)|1 Quart Can, 142 Solvent is a high-purity mixture of hydrotreated isoparaffins and naphthenics with very low levels of polynuclear aromatics. It is a clear liquid with a medium flash point and mild odor. It is also known as Paraffinic Naphthenic Solv|ent or Aliphatic Solvent.||||0|0|0|1|CF|QT||||1|834 900|US|||0|STND|21|AF||||LN|WD|HT|P|99999999999999||O|O|O|O|8020|8.95|0|||9.1576|00
47QSHA19D003A|P-D-680 TYI-55GL|ACI-LUBES CO|MINERAL SPIRITS 66|P-D-680 TYI - 55GL (MINERAL SPIRITS 66)|55 Gallon Drum, Mineral Spirits 66. Mineral Spirits is a water white, odorless, high flash point mineral spirits that is ideal for parts cleaning. This product has a flash point of 100 F and very low aromatic content (less than 1%). Being a low aroma|tic product means it is less irritating to skin tissue.|||6850-00-285-8012|0|0|0|1|CF|DR|55|GA||1|834 900|US|||0|STND|21|AF||||LN|WD|HT|P|99999999999999||O|O|O|O|8020|492.5|0|||503.924|00
47QSHA19D003A|P-D-680 TYII-1GL|ACI-LUBES CO|SOLVENT CLEANING COMPOUND|P-D-680 TYII - 1GL (142 SOLVENT)|SOLVENT CLEANING COMPOUND 1 Gallon Can, 142 Solvent is a high-purity mixture of hydrotreated isoparaffins and naphthenics with very low levels of polynuclear aromatics. It is a clear liquid with a medium flash point and mild odor. It is also known as|Paraffinic Naphthenic Solvent or Aliphatic Solvent. 6850-00-274-5421|||6850-00-274-5421|0|0|0|1|CF|GA||||1|834 900|US|||0|STND|21|AF||||LN|WD|HT|P|99999999999999||O|O|O|O|8020|14.95|0|||15.2968|00
47QSHA19D003A|P-D-680 TYII-5GL|ACI-LUBES CO|PARAFFINIC NAPHTHENIC SOLVENT|P-D-680 TYII - 5GL (142 SOLVENT)|5 Gallon Pail, 142 Solvent is a high-purity mixture of hydrotreated isoparaffins and naphthenics with very low levels of polynuclear aromatics. It is a clear liquid with a medium flash point and mild odor. It is also known as Paraffinic Naphthenic So|lvent or Aliphatic Solvent.|||6850-01-376-9211|0|0|0|1|CF|GA||||1|834 900|US|||0|STND|21|AF||||LN|WD|HT|P|99999999999999||O|O|O|O|8020|49.95|0|||51.1086|00
47QSHA19D003A|P-D-680 TYII-55GL|ACI-LUBES CO|PARAFFINIC NAPHTHENIC SOLVENT|P-D-680 TYII - 55GL (142 SOLVENT)|55 Gallon Drum, 142 Solvent is a high-purity mixture of hydrotreated isoparaffins and naphthenics with very low levels of polynuclear aromatics. It is a clear liquid with a medium flash point and mild odor. It is also known as Paraffinic Naphthenic S|olvent or Aliphatic Solvent.|||6850-00-285-8011|0|0|0|1|CF|DR|55|GA||1|834 900|US|||0|STND|21|AF||||LN|WD|HT|P|99999999999999||O|O|O|O|8020|470.73|0|||481.649|00
47QSHA19D003A|P-D-680 TY 1-A1G|ACI-LUBES CO|MINERAL SPIRITS 66|P-D-680 TY 1 - A1G (MINERAL SPIRITS 66)|1 Gallon Can, Mineral Spirits 66. Mineral Spirits is a water white, odorless, high flash point mineral spirits that is ideal for parts cleaning. This product has a flash point of 100 F and very low aromatic content (less than 1%). Being a low aromati|c product means it is less irritating to skin tissue.|||6850-00-281-1985|0|0|0|1|CF|GA||||1|834 900|US|||0|STND|21|AF||||LN|WD|HT|P|99999999999999||O|O|O|O|8020|19.95|0|||20.4128|00
47QSHA19D003A|P-D-680 TY 1-5GL|ACI-LUBES CO|MINERAL SPIRITS 66|P-D-680 TY 1-5GL. (MINERAL SPIRITS 66)|5 Gallon Pail, Mineral Spirits 66. Mineral Spirits is a water white, odorless, high flash point mineral spirits that is ideal for parts cleaning. This product has a flash point of 100 F and very low aromatic content (less than 1%). Being a low aromat|ic product means it is less irritating to skin tissue.|||6850-00-264-9038|0|0|0|1|CF|GA||||1|834 900|US|||0|STND|21|AF||||LN|WD|HT|P|99999999999999||O|O|O|O|8020|39.95|0|||40.8767|00
47QSHA19D003A|C73-GR2-PT-CN|ACI-LUBES CO|CORROSION PREVENTIVE COMPOUND|C73-GR2-PT.CN (TECTYL 502C)|Pint Can size, is a solvent cutback, corrosion preventive compound. The semi-firm film is amber and translucent.|||||0|0|0|1|CF|PT||||1|834 900|US|||0|STND|21|AF||||LN|WD|HT|P|99999999999999||O|O|O|O|8020|8.95|0|||9.1576|00
47QSHA19D003A|C73-GR3-PT|ACI-LUBES CO|CORROSION PREVENTIVE COMPOUND|C73-GR3-PT (TECTYL 894)|CORROSION PREVENTATIVE COMPOUND C73-GR3-PT (Tectyl 894) Pint Can size, is designed to protect ferrous and non-ferrous precision equipment and parts in indoor or covered storage and during shipment. 8030-01-396-5735||||8030-01-396-5735|0|0|0|1|CF|PT||||1|834 900|US|||0|STND|21|AF||||LN|WD|HT|P|99999999999999||O|O|O|O|8020|9.95|0|||10.1808|00
47QSHA19D003A|C73-GR1-55GL|ACI-LUBES CO|CORROSION PREVENTIVE COMPOUND|C73-GR1-55GL (TECTYL 891)|CORROSION PREVENTATIVE COMPOUND C73-GR1-55GL (Tectyl 891) 55 Gallon drum, provides a long-term protection for metallic surfaces in indoor our outdoor exposure and during international shipments. 8030-01-396-5237||||8030-01-396-5237|0|0|0|1|CF|DR|55|GA||1|834 900|US|||0|STND|21|AF||||LN|WD|HT|P|99999999999999||O|O|O|O|8020|1057.13|0|||1081.6511|00
47QSHA19D003A|C73-GR1-5GL|ACI-LUBES CO|CORROSION PREVENTIVE COMPOUND|C73-GR1-5GL (TECTYL 891)|CORROSION PREVENTATIVE COMPOUND C73-GR1-5GL (Tectyl 891)  5 Gallon Pail, provides a long-term protection for metallic surfaces in indoor our outdoor exposure and during international shipments. 8030-00-244-1299||||8030-00-244-1299|0|0|0|1|CF|GA||||1|834 900|US|||0|STND|21|AF||||LN|WD|HT|P|99999999999999||O|O|O|O|8020|118.56|0|||121.3101|00
47QSHA19D003A|C73-GR3-5GL|ACI-LUBES CO|CORROSION PREVENTIVE COMPOUND|C73-GR3-5GL (TECTYL 894)|CORRISION PREVENTATIVE COMPOUND C73-GR3-5GL (Tectyl 894) 5 Gallon Pail, is designed to protect ferrous and non-ferrous precision equipment and parts in indoor or covered storage and during shipment. 8030-00-244-1293||||8030-00-244-1293|0|0|0|1|CF|GA||||1|834 900|US|||0|STND|21|AF||||LN|WD|HT|P|99999999999999||O|O|O|O|8020|168|0|||171.8969|00
47QSHA19D003A|C73-GR4-5GL|ACI-LUBES CO|CORROSION PREVENTIVE COMPOUND|C73-GR4-5GL (TECTYL 846)|CORROSION PREVENTATIVE COMPOUND A coating compound formulated to physically exclude corrosion causing substances from metal surfaces, and which can be removed by wiping. It may contain corrosion inhibitors. C73-GR4-5GL (Tectyl 846) 5 gallon pail, is|a solvent cutback, water displacing corrosion preventive compound. The dry film is firm, amber, transparent, and non-tacky. 8030-00-526-1605|||8030-00-526-1605|0|0|0|1|CF|GA||||1|834 900|US|||0|STND|21|AF||||LN|WD|HT|P|99999999999999||O|O|O|O|8020|185|0|||189.2912|00
47QSHA19D003A|C73-GR4-PT.|ACI-LUBES CO|CORROSION PREVENTIVE COMPOUND|C73-GR4-PT. (TECTYL 846)|CORROSION PREVENTATIVE COMPOUND A coating compound formulated to physically exclude corrosion causing substances from metal surfaces, and which can be removed by wiping. It may contain corrosion inhibitors. C73-GR4-PT. (Tectyl 846) Pint can size, is|a solvent cutback, water displacing corrosion preventive compound. The dry film is firm, amber, transparent, and non-tacky. 8030-00-903-0931|||8030-00-903-0931|0|0|0|1|CF|PT||||1|834 900|US|||0|STND|21|AF||||LN|WD|HT|P|99999999999999||O|O|O|O|8020|4.18|0|||4.277|00
47QSHA19D003A|C73-GR1-GL|ACI-LUBES CO|CORROSION PREVENTIVE COMPOUND|C73-GR1-GL (TECTYL 891)|CORROSION PREVENTATIVE COMPOUND A coating compound formulated to physically exclude corrosion causing substances from metal surfaces, and which can be removed by wiping. It may contain corrosion inhibitors. C73-GR1-GL (Tectyl 891)  1 Gallon can, prov|ides a long-term protection for metallic surfaces in indoor our outdoor exposure and during international shipments. 8030-00-231-2345|||8030-00-231-2345|0|0|0|1|CF|GA||||1|834 900|US|||0|STND|21|AF||||LN|WD|HT|P|99999999999999||O|O|O|O|8020|23.34|0|||23.8814|00
47QSHA19D003A|C73-GR1-QT|ACI-LUBES CO|CORROSION PREVENTIVE COMPOUND|C73-GR1-QT (TECTYL 891)|CORROSION PREVENTATIVE COMPOUND A coating compound formulated to physically exclude corrosion causing substances from metal surfaces, and which can be removed by wiping. It may contain corrosion inhibitors. C73-GR1-QT (Tectyl 891)  1 Quart can, provi|des a long-term protection for metallic surfaces in indoor our outdoor exposure and during international shipments. 8030-00-062-6950|||8030-00-062-6950|0|0|0|1|CF|QT||||1|834 900|US|||0|STND|21|AF||||LN|WD|HT|P|99999999999999||O|O|O|O|8020|8.95|0|||9.1576|00
47QSHA19D003A|C73-GR2-5GL|ACI-LUBES CO|CORROSION PREVENTIVE COMPOUND|C73-GR2-5GL (TECTYL 502C)|CORROSION PREVENTATIVE COMPOUND A coating compound formulated to physically exclude corrosion causing substances from metal surfaces, and which can be removed by wiping. It may contain corrosion inhibitors. C73-GR2-5GL (tectyl 502C) 5 gallon pail, is| a solvent cutback, corrosion preventive compound. The semi-firm film is amber and translucent. 8030-00-244-1298|||8030-00-244-1298|0|0|0|1|CF|GA||||1|834 900|US|||0|STND|21|AF||||LN|WD|HT|P|99999999999999||O|O|O|O|8020|186|0|||190.3144|00
47QSHA19D003A|C73-GR2-55GL|ACI-LUBES CO|CORROSION PREVENTIVE COMPOUND|C73-GR2-55GL (TECTYL 502C)|CORROSION PREVENTATIVE COMPOUND A coating compound formulated to physically exclude corrosion causing substances from metal surfaces, and which can be removed by wiping. It may contain corrosion inhibitors. C73-GR2-55GL (Tectyl 502C). 55 gallon drum,| is a solvent cutback, corrosion preventive compound. The semi-firm film is amber and translucent. 8030-00-244-1295|||8030-00-244-1295|0|0|0|1|CF|DR|55|GA||1|834 900|US|||0|STND|21|AF||||LN|WD|HT|P|99999999999999||O|O|O|O|8020|1772.47|0|||1813.584|00
47QSHA19D003A|C73-GR2-GL|ACI-LUBES CO|CORROSION PREVENTIVE COMPOUND|C73-GR2-GL (TECTYL 502C)|1 gallon can, is a solvent cutback, corrosion preventive compound. The semi-firm film is amber and translucent.||||8030-00-244-1297|0|0|0|1|CF|GA||||1|834 900|US|||0|STND|21|AF||||LN|WD|HT|P|99999999999999||O|O|O|O|8020|36.5|0|||37.3466|00
47QSHA19D003A|C73-GR2-QT|ACI-LUBES CO|CORROSION PREVENTIVE COMPOUND|C73-GR2-QT|CORROSION PREVENTATIVE COMPOUND. C73-GR2-QT. 1 quart can, is a solvent cutback, corrosion preventive compound. The semi-firm film is amber and translucent. 8030-01-663-8414||||8030-01-663-8414|0|0|0|1|CF|QT||||1|834 900|US|||0|STND|21|AF||||LN|WD|HT|P|99999999999999||O|O|O|O|8020|12.95|0|||13.2504|00
47QSHA19D003A|C73-GR3-GL|ACI-LUBES CO|CORROSION PREVENTIVE COMPOUND|C73-GR3-GL (TECTYL 894)|1 Gallon size, is designed to protect ferrous and non-ferrous precision equipment and parts in indoor or covered storage and during shipment.||||8030-01-396-5748|0|0|0|1|CF|GA||||1|834 900|US|||0|STND|21|AF||||LN|WD|HT|P|99999999999999||O|O|O|O|8020|28.5|0|||29.1611|00
47QSHA19D003A|C73-GR3-QT|ACI-LUBES CO|CORROSION PREVENTIVE COMPOUND|C73-GR3-QT (TECTYL 894)|1 quart can, is designed to protect ferrous and non-ferrous precision equipment and parts in indoor or covered storage and during shipment.|||||0|0|0|1|CF|QT||||1|834 900|US|||0|STND|21|AF||||LN|WD|HT|P|99999999999999||O|O|O|O|8020|19.95|0|||20.4128|00
47QSHA19D003A|C73-GR4-GL|ACI-LUBES CO|CORROSION PREVENTIVE COMPOUND|C73-GR4-GL (TECTYL 846)|CORROSION PREVENTATIVE COMPOUND C73-GR4-GL (Tectyl 846) 1 Gallon can, is a solvent cutback, water displacing corrosion preventive compound. The dry film is firm, amber, transparent, and non-tacky. 8030-00-062-5866||||8030-00-062-5866|0|0|0|1|CF|GA||||1|834 900|US|||0|STND|21|AF||||LN|WD|HT|P|99999999999999||O|O|O|O|8020|38.5|0|||39.393|00
47QSHA19D003A|C73-GR4-PT|ACI-LUBES CO|CORROSION PREVENTIVE COMPOUND|C73-GR4-PT (TECTYL 846)|CORROSION PREVENTATIVE COMPOUND C73-GR4-PT (Tectyl 846) 1 pint can, is a solvent cutback, water displacing corrosion preventive compound. The dry film is firm, amber, transparent, and non-tacky. 8030-00-903-0931||||8030-00-903-0931|0|0|0|1|CF|PT||||1|834 900|US|||0|STND|21|AF||||LN|WD|HT|P|99999999999999||O|O|O|O|8020|4.25|0|||4.3486|00
47QSHA19D003A|C73-GR4-QT|ACI-LUBES CO|CORROSION PREVENTIVE COMPOUND|C73-GR4-QT (TECTYL 846)|1 quart can, is a solvent cutback, water displacing corrosion preventive compound. The dry film is firm, amber, transparent, and non-tacky.|||||0|0|0|1|CF|QT||||1|834 900|US|||0|STND|21|AF||||LN|WD|HT|P|99999999999999||O|O|O|O|8020|19.95|0|||20.4128|00
47QSHA19D003A|C73-GR2-PT|ACI-LUBES CO|CORROSION PREVENTIVE COMPOUND|C73-GR2-PT (TECTYL 502C)|1 pint can, is a solvent cutback, corrosion preventive compound. The semi-firm film is amber and translucent.|||||0|0|0|1|CF|PT||||1|834 900|US|||0|STND|21|AF||||LN|WD|HT|P|99999999999999||O|O|O|O|8020|8.95|0|||9.1576|00
47QSHA19D003A|ALK-2|ACI-LUBES CO|NEEDLE FITTING LUBRICATION KIT|ALK-2|Needle Fitting Lubrication Kit was designed to be a cost effective solution to lubrication problems on today's aircraft. In many cases, access to lube fittings with conventional lube equipment requires complex disassembly. The LK2's unique design all|ows technicians to choose and assemble the unit using various length tubes and angle tips. Unlike other kits, tip replacement is as easy as screwing in a new unit. Tips and extension tubes are available individually.||||0|0|0|1|CF|EA||||1|834 900|US|||0|STND|21|AF||||LN|WD|HT|P|99999999999999||O|O|O|O|8020|350|0|||358.1186|00
