SIN,Manufacturer Name,Manufacturer Part#,Contractor Part Number,UPC,Commercial List Price,Contract Price with IFF,Unit of Issue,Quantity per Unit,Unit code for Pack,Lead Time Days,Lead Time Code,Country of Origin,Product Name,Product Description,ORIG Product Description,Product Web Address,UNSPSC,Photo 1 File Name or URL,Photo 2 File Name or URL,Photo 3 File Name or URL,Special Features Code,Warranty Length,Warranty Period,Warranty Description,NSN,Order Increment,FOB Alaska,FOB CONUS,FOB Hawaii,FOB Puerto Rico,Weight,WeightQualifier,Latest Sale Price,Sale End Date,ProductType
33411,"ERGOTRON, INC.",98-239-251,7FL575,,87.5,67.29,EA,,EA,8,AF,US,KIT SV SANITIZER PUMP MOUNT DEB SNOW,KIT SV SANITIZER PUMP MOUNT DEB SNOW ING!!!,KIT SV SANITIZER PUMP MOUNT DEB SNOW ING!!!,http://www.wecsysllc.com,,,,,,30,DA,,,,,,,,,,,,B
33411,"ERGOTRON, INC.",98-414-251,7FH984,,112.67,88.82,EA,,EA,8,AF,US,ACCS KIT DRAWER MOUNTED SHARPS BRACKET,ACCS KIT DRAWER MOUNTED SHARPS BRACKET SNOW ING!!!,ACCS KIT DRAWER MOUNTED SHARPS BRACKET SNOW ING!!!,http://www.wecsysllc.com,,,,,,30,DA,,,,,,,,,,,,B
33411,"ERGOTRON, INC.",98-417-214,6YZ056,,404.67,336.43,EA,,EA,8,AF,US,KIT STYLEVIEW FRONT SHELF MOUNTING,KIT STYLEVIEW FRONT SHELF MOUNTING KIT LIGHT GREY ING!!!,KIT STYLEVIEW FRONT SHELF MOUNTING KIT LIGHT GREY ING!!!,http://www.wecsysllc.com,,,,,,30,DA,,,,,,,,,,,,B
33411,"ERGOTRON, INC.",SV44-2222-1,5NQ625,,10239.17,6368,EA,,EA,8,AF,US,STYLEVIEW LIFE PWR E LIFT LCD ARM 2DRW,STYLEVIEW LIFE PWR E LIFT LCD ARM 2DRWR ING!!!,STYLEVIEW LIFE PWR E LIFT LCD ARM 2DRWR ING!!!,http://www.wecsysllc.com,,,,,,30,DA,,,,,,,,,,,,B
33411,"ERGOTRON, INC.",SV44-2232-1,5NQ626,,10692.07,6677.59,EA,,EA,8,AF,US,STYLEVIEW LIFE PWR E LIFT LCD ARM 3DRW,STYLEVIEW LIFE PWR E LIFT LCD ARM 3DRWR ING!!!,STYLEVIEW LIFE PWR E LIFT LCD ARM 3DRWR ING!!!,http://www.wecsysllc.com,,,,,,30,DA,,,,,,,,,,,,B
33411,"ERGOTRON, INC.",SV44-22C2-1,5NQ632,,9773.9,6055.36,EA,,EA,8,AF,US,STYLEVIEW LIFE PWR E LIFT LCD ARM 1DBL,STYLEVIEW LIFE PWR E LIFT LCD ARM 1DBL TALL DRWR ING!!!,STYLEVIEW LIFE PWR E LIFT LCD ARM 1DBL TALL DRWR ING!!!,http://www.wecsysllc.com,,,,,,30,DA,,,,,,,,,,,,B
33411,IPW,845 D23 ODP,IPW845 D23 ODP,,204.09,128.52,EA,,EA,8,AF,US,"TNR,2330/23,HY,BLK","TNR,2330/23,HY,BLK","TNR,2330/23,HY,BLK",http://www.wecsysllc.com,,,,,,30,DA,,,,,,,,,,,,B
33411,"PLANTRONICS, INC.",201263-01,PLR- 201263-01,00017229144194,24.18,12.76,EA,,EA,8,AF,TW,"SPARE,SECURITY LOCK,CALISTO 620","4108988, SPARE,SECURITY LOCK,CALISTO 620, OCC CORDLESS UPC=00017229144194","4108988, SPARE,SECURITY LOCK,CALISTO 620, OCC CORDLESS UPC=00017229144194",http://www.wecsysllc.com,,,,,,30,DA,,,,,,,,,,,,B
33411,SEH TECHNOLOGY,M0124,7MQ709,,145.25,116.4,EA,,EA,8,AF,DE,RMK4 US RACK MOU,RMK4 US RACK MOUNT KIT DONGLESERVER PROMAX ING!!!,RMK4 US RACK MOUNT KIT DONGLESERVER PROMAX ING!!!,http://www.wecsysllc.com,,,,,,30,DA,,,,,,,,,,,,B
33411,SEH TECHNOLOGY,M0125,7MQ708,,137.97,110.26,EA,,EA,8,AF,DE,RMK 3 US RACK MOU,RMK 3 US RACK MOUNT KIT DONGLESERVER PRO ING!!!,RMK 3 US RACK MOUNT KIT DONGLESERVER PRO ING!!!,http://www.wecsysllc.com,,,,,,30,DA,,,,,,,,,,,,B
33411,SEH TECHNOLOGY,M05212,7MQ706,,1492.98,977.75,EA,,EA,8,AF,DE,DONGLESERVER PRO 8PORT SO,DONGLESERVER PRO 8PORT SOFTWARE KEY SERVER ING!!!,DONGLESERVER PRO 8PORT SOFTWARE KEY SERVER ING!!!,http://www.wecsysllc.com,,,,,,30,DA,,,,,,,,,,,,B
33411,SEH TECHNOLOGY,M05812,7MQ707,,4854.19,2559.8,EA,,EA,8,AF,DE,DONGLESERVER PROMAX 20PORT S,DONGLESERVER PROMAX 20PORT SOFTWARE KEY SERVER ING!!!,DONGLESERVER PROMAX 20PORT SOFTWARE KEY SERVER ING!!!,http://www.wecsysllc.com,,,,,,30,DA,,,,,,,,,,,,B
33411,SIIG INC,CE-DP0H11-S1,7CN613,,79.64,60.63,EA,,EA,8,AF,TW,1X2 DP 1.2-DISPLAYPORT MST HUB MULTI MO,1X2 DP 1.2-DISPLAYPORT MST HUB MULTI MONITOR SPLITTER ING!!!,1X2 DP 1.2-DISPLAYPORT MST HUB MULTI MONITOR SPLITTER ING!!!,http://www.wecsysllc.com,,,,,,30,DA,,,,,,,,,,,,B
33411,SIIG INC,CE-DP0J11-S1,7CN614,,79.64,60.63,EA,,EA,8,AF,TW,1X2 MINI DP 1.2-DISPLAYPORT MST HUB,1X2 MINI DP 1.2-DISPLAYPORT MST HUB ING!!!,1X2 MINI DP 1.2-DISPLAYPORT MST HUB ING!!!,http://www.wecsysllc.com,,,,,,30,DA,,,,,,,,,,,,B
33411,SIIG INC,CE-DP0K11-S1,7CN615,,86.95,66.81,EA,,EA,8,AF,TW,1X2 DP 1.2-HDMI MULTI MONITOR SPLITTER,1X2 DP 1.2-HDMI MULTI MONITOR SPLITTER 2PORT MST HUB ING!!!,1X2 DP 1.2-HDMI MULTI MONITOR SPLITTER 2PORT MST HUB ING!!!,http://www.wecsysllc.com,,,,,,30,DA,,,,,,,,,,,,B
33411,SIIG INC,CE-DP0L11-S1,7CN616,,86.96,66.81,EA,,EA,8,AF,TW,1X2 MINI DP 1.2- HDMI MULTI MONITOR,1X2 MINI DP 1.2- HDMI MULTI MONITOR SPLITTER 2PORT MST HUB ING!!!,1X2 MINI DP 1.2- HDMI MULTI MONITOR SPLITTER 2PORT MST HUB ING!!!,http://www.wecsysllc.com,,,,,,30,DA,,,,,,,,,,,,B
33411,SIIG INC,CE-DV0111-S1,6QG799,,358.06,296.99,EA,,EA,8,AF,TW,2PORT DVI DUAL-LINK SMART CONSOLE,2PORT DVI DUAL-LINK SMART CONSOLE SWITCH WITH USB 3 ING!!!,2PORT DVI DUAL-LINK SMART CONSOLE SWITCH WITH USB 3 ING!!!,http://www.wecsysllc.com,,,,,,30,DA,,,,,,,,,,,,B
33411,SIIG INC,CE-DV0211-S1,6QG800,,564.14,433.12,EA,,EA,8,AF,TW,4PORT DVI DUAL-LINK SMART CONSOLE,4PORT DVI DUAL-LINK SMART CONSOLE SWITCH WITH USB 3 ING!!!,4PORT DVI DUAL-LINK SMART CONSOLE SWITCH WITH USB 3 ING!!!,http://www.wecsysllc.com,,,,,,30,DA,,,,,,,,,,,,B
33411,SIIG INC,CE-H24K11-S1,6DN533,,56.56,37.11,EA,,EA,8,AF,TW,HDMI 2.0 4K HDR REPEATER 20M,HDMI 2.0 4K HDR REPEATER 20M ING!!!,HDMI 2.0 4K HDR REPEATER 20M ING!!!,http://www.wecsysllc.com,,,,,,30,DA,,,,,,,,,,,,B
33411,SIIG INC,CE-H24L11-S1,6DN534,,81.08,53.2,EA,,EA,8,AF,TW,HDCP CONVERTER HDCP 2.2 SIGNAL TO HDCP,HDCP CONVERTER HDCP 2.2 SIGNAL TO HDCP 1.4 SIGNAL ING!!!,HDCP CONVERTER HDCP 2.2 SIGNAL TO HDCP 1.4 SIGNAL ING!!!,http://www.wecsysllc.com,,,,,,30,DA,,,,,,,,,,,,B
33411,SIIG INC,CE-H24M11-S1,6PY346,,802.14,617.52,EA,,EA,8,AF,TW,HDMI 2.0 4K HDR 1X2 SPLITTER HDBASET,HDMI 2.0 4K HDR 1X2 SPLITTER HDBASET EXTENDER WITH AUTO-SCALING ING!!!,HDMI 2.0 4K HDR 1X2 SPLITTER HDBASET EXTENDER WITH AUTO-SCALING ING!!!,http://www.wecsysllc.com,,,,,,30,DA,,,,,,,,,,,,B
33411,SIIG INC,CE-H24N11-S1,6PY345,,1833.57,1236.27,EA,,EA,8,AF,TW,HDMI 2.0 4K HDR 1X4 SPLITTER HDBASET,HDMI 2.0 4K HDR 1X4 SPLITTER HDBASET EXTENDER WITH AUTO-SCALING ING!!!,HDMI 2.0 4K HDR 1X4 SPLITTER HDBASET EXTENDER WITH AUTO-SCALING ING!!!,http://www.wecsysllc.com,,,,,,30,DA,,,,,,,,,,,,B
33411,SIIG INC,CE-H24P11-S1,6PY344,,269.32,221.51,EA,,EA,8,AF,TW,HDMI 2.0 4K HDR OVER HDBASET RECEIVER,HDMI 2.0 4K HDR OVER HDBASET RECEIVER ING!!!,HDMI 2.0 4K HDR OVER HDBASET RECEIVER ING!!!,http://www.wecsysllc.com,,,,,,30,DA,,,,,,,,,,,,B
33411,SIIG INC,CE-H24W11-S1,6DQ346,,643.97,494.99,EA,,EA,8,AF,TW,4X4 HDMI 2.0 4K HDR MATRIX SWITCH C,4X4 HDMI 2.0 4K HDR MATRIX SWITCH CLOUD CONTROL FOUR 4K HDMI ING!!!,4X4 HDMI 2.0 4K HDR MATRIX SWITCH CLOUD CONTROL FOUR 4K HDMI ING!!!,http://www.wecsysllc.com,,,,,,30,DA,,,,,,,,,,,,B
33411,SIIG INC,CE-H24X11-S1,6QA098,,117.36,92.8,EA,,EA,8,AF,TW,1X2 HDMI 2.0 SPLITTER W/ AUDIO EXTRACTO,1X2 HDMI 2.0 SPLITTER W/ AUDIO EXTRACTOR / AUTO SCALING & EDID ING!!!,1X2 HDMI 2.0 SPLITTER W/ AUDIO EXTRACTOR / AUTO SCALING & EDID ING!!!,http://www.wecsysllc.com,,,,,,30,DA,,,,,,,,,,,,B
33411,SIIG INC,CE-H24Y11-S1,6QA099,,139.26,111.36,EA,,EA,8,AF,TW,1X4 HDMI 2.0 SPLITTER W/ AUDIO EXTRACTO,1X4 HDMI 2.0 SPLITTER W/ AUDIO EXTRACTOR / AUTO SCALING & EDID ING!!!,1X4 HDMI 2.0 SPLITTER W/ AUDIO EXTRACTOR / AUTO SCALING & EDID ING!!!,http://www.wecsysllc.com,,,,,,30,DA,,,,,,,,,,,,B
33411,SIIG INC,CE-H25111-S1,6QG798,,212.42,173.24,EA,,EA,8,AF,TW,LIVE GAME HDMI CAPTURE PCIE CARD CAP,LIVE GAME HDMI CAPTURE PCIE CARD CAPTURE RECORD OR STREAM ING!!!,LIVE GAME HDMI CAPTURE PCIE CARD CAPTURE RECORD OR STREAM ING!!!,http://www.wecsysllc.com,,,,,,30,DA,,,,,,,,,,,,B
33411,SIIG INC,CE-H25211-S1,6QB816,,504.49,420.74,EA,,EA,8,AF,TW,HDMI 2.0 OVER IP MATRIX AND VIDEO WA,HDMI 2.0 OVER IP MATRIX AND VIDEO WALL-TRANSMITTER ING!!!,HDMI 2.0 OVER IP MATRIX AND VIDEO WALL-TRANSMITTER ING!!!,http://www.wecsysllc.com,,,,,,30,DA,,,,,,,,,,,,B
33411,SIIG INC,CE-H25311-S1,6QB817,,580.12,445.49,EA,,EA,8,AF,TW,HDMI 2.0 OVER IP MATRIX AND VIDEO WA,HDMI 2.0 OVER IP MATRIX AND VIDEO WALL-RECEIVER ING!!!,HDMI 2.0 OVER IP MATRIX AND VIDEO WALL-RECEIVER ING!!!,http://www.wecsysllc.com,,,,,,30,DA,,,,,,,,,,,,B
33411,SIIG INC,CE-H25411-S1,6QB818,,343.63,284.62,EA,,EA,8,AF,TW,HDMI 2.0 OVER IP MATRIX AND VIDEO WA,HDMI 2.0 OVER IP MATRIX AND VIDEO WALL-CONTROLLER ING!!!,HDMI 2.0 OVER IP MATRIX AND VIDEO WALL-CONTROLLER ING!!!,http://www.wecsysllc.com,,,,,,30,DA,,,,,,,,,,,,B
33411,SIIG INC,CE-H25511-S1,6QG801,,387.4,321.74,EA,,EA,8,AF,TW,2PORT HDMI 2.0 4K HDR SMART CONSOLE,2PORT HDMI 2.0 4K HDR SMART CONSOLE KVM SWITCH WITH USB 3 ING!!!,2PORT HDMI 2.0 4K HDR SMART CONSOLE KVM SWITCH WITH USB 3 ING!!!,http://www.wecsysllc.com,,,,,,30,DA,,,,,,,,,,,,B
33411,SIIG INC,CE-H25611-S1,6QG802,,504.48,420.74,EA,,EA,8,AF,TW,4PORT HDMI 2.0 4K HDR SMART CONSOLE,4PORT HDMI 2.0 4K HDR SMART CONSOLE KVM SWITCH WITH USB 3 ING!!!,4PORT HDMI 2.0 4K HDR SMART CONSOLE KVM SWITCH WITH USB 3 ING!!!,http://www.wecsysllc.com,,,,,,30,DA,,,,,,,,,,,,B
33411,SIIG INC,CE-H25R11-S1,6YP220,,212.41,173.24,EA,,EA,8,AF,TW,4X1 HDMI SEAMLESS QUAD-SPLIT MULTI-VI,4X1 HDMI SEAMLESS QUAD-SPLIT MULTI-VIEWER SWITCHER ING!!!,4X1 HDMI SEAMLESS QUAD-SPLIT MULTI-VIEWER SWITCHER ING!!!,http://www.wecsysllc.com,,,,,,30,DA,,,,,,,,,,,,B
33411,SIIG INC,CE-SD0E11-S1,7HQ840,,723.83,556.87,EA,,EA,8,AF,TW,12G-SDI TO HDMI 2.0 CONVERTER 12G/6G/3,12G-SDI TO HDMI 2.0 CONVERTER 12G/6G/3G/HD/SD SDI SIGNAL TO HDMI ING!!!,12G-SDI TO HDMI 2.0 CONVERTER 12G/6G/3G/HD/SD SDI SIGNAL TO HDMI ING!!!,http://www.wecsysllc.com,,,,,,30,DA,,,,,,,,,,,,B
33411,SIIG INC,JU-DK0B11-S1,6HH525,,337.85,279.67,EA,,EA,8,AF,TW,USB-C TRIPLE 4K VIDEO DOCKING STATION,USB-C TRIPLE 4K VIDEO DOCKING STATION WITH POWER DELIVERY ING!!!,USB-C TRIPLE 4K VIDEO DOCKING STATION WITH POWER DELIVERY ING!!!,http://www.wecsysllc.com,,,,,,30,DA,,,,,,,,,,,,B
33411,TRENDNET INC,TEG-524WS,2DA569,,470.78,392.38,EA,,EA,8,AF,TW,52PORT 48XGB WEB SMART SWITCH,52PORT 48XGB WEB SMART SWITCH ING!!!,52PORT 48XGB WEB SMART SWITCH ING!!!,http://www.wecsysllc.com,,,,,,30,DA,,,,,,,,,,,,B
33411,TRENDNET INC,TEG-MGBS40,7AY710,,148.16,118.9,EA,,EA,8,AF,TW,MINI-GBIC SINGLE MODE 40KM,MINI-GBIC SINGLE MODE 40KM ING!!!,MINI-GBIC SINGLE MODE 40KM ING!!!,http://www.wecsysllc.com,,,,,,30,DA,,,,,,,,,,,,B
33411,TRENDNET INC,TEG-MGBS40D3,7AY711,,148.17,118.9,EA,,EA,8,AF,TW,MINI GBIC WDM SINGLE-MODE,MINI GBIC WDM SINGLE-MODE ING!!!,MINI GBIC WDM SINGLE-MODE ING!!!,http://www.wecsysllc.com,,,,,,30,DA,,,,,,,,,,,,B
33411,TRENDNET INC,TEG-MGBS40D5,7AY712,,190.26,154.57,EA,,EA,8,AF,TW,MINI GBIC WDM SINGLE-MODE,MINI GBIC WDM SINGLE-MODE ING!!!,MINI GBIC WDM SINGLE-MODE ING!!!,http://www.wecsysllc.com,,,,,,30,DA,,,,,,,,,,,,B
33411,TRENDNET INC,TEG-MGBS80,7AY713,,190.25,154.57,EA,,EA,8,AF,TW,MINI-GBIC SINGLE MODE 80KM,MINI-GBIC SINGLE MODE 80KM ING!!!,MINI-GBIC SINGLE MODE 80KM ING!!!,http://www.wecsysllc.com,,,,,,30,DA,,,,,,,,,,,,B
33411,TRENDNET INC,TEG-S16D,1Q0620,,92.29,71.34,EA,,EA,8,AF,TW,16PORT GIGABIT GREENNET SWITCH FANLESS,16PORT GIGABIT GREENNET SWITCH FANLESS UNMANAGED DESKTOP SWITCH ING!!!,16PORT GIGABIT GREENNET SWITCH FANLESS UNMANAGED DESKTOP SWITCH ING!!!,http://www.wecsysllc.com,,,,,,30,DA,,,,,,,,,,,,B
33411,TRENDNET INC,TEG-S24D,1Q0621,,120.08,95.12,EA,,EA,8,AF,TW,24PORT GIGABIT GREENNET SWITCH FANLESS,24PORT GIGABIT GREENNET SWITCH FANLESS UNMANAGED DESKTOP SWITCH ING!!!,24PORT GIGABIT GREENNET SWITCH FANLESS UNMANAGED DESKTOP SWITCH ING!!!,http://www.wecsysllc.com,,,,,,30,DA,,,,,,,,,,,,B
33411,TRENDNET INC,TEW-740APBO,4G5092,,162.24,130.79,EA,,EA,8,AF,TW,10DBI WL N300 OUTDOOR POE ACCESS P,10DBI WL N300 OUTDOOR POE ACCESS POINT ING!!!,10DBI WL N300 OUTDOOR POE ACCESS POINT ING!!!,http://www.wecsysllc.com,,,,,,30,DA,,,,,,,,,,,,B
33411,TRENDNET INC,TEW-755AP2KAC,4U1492,,207.62,169.16,EA,,EA,8,AF,TW,N300 WL CONTROLLER KIT CENTRALI,N300 WL CONTROLLER KIT CENTRALIZED AP MGMT ING!!!,N300 WL CONTROLLER KIT CENTRALIZED AP MGMT ING!!!,http://www.wecsysllc.com,,,,,,30,DA,,,,,,,,,,,,B
33411,TRENDNET INC,TEW-821DAP2KAC,4U1491,,297.97,245.75,EA,,EA,8,AF,TW,AC1200 DUAL BAND WL CTLR KIT .,AC1200 DUAL BAND WL CTLR KIT . ING!!!,AC1200 DUAL BAND WL CTLR KIT . ING!!!,http://www.wecsysllc.com,,,,,,30,DA,,,,,,,,,,,,B
33411,TRENDNET INC,TEW-825DAP,8D8965,,173.06,139.93,EA,,EA,8,AF,TW,AC1750 DUAL BAND POE ACCESS POINT GI,AC1750 DUAL BAND POE ACCESS POINT GIGABIT POE+ LAN PORT ING!!!,AC1750 DUAL BAND POE ACCESS POINT GIGABIT POE+ LAN PORT ING!!!,http://www.wecsysllc.com,,,,,,30,DA,,,,,,,,,,,,B
33411,TRENDNET INC,TEW-826DAP,3DY070,,257.43,211.46,EA,,EA,8,AF,TW,POE INDOOR WRLS ACCESS POINT AC2200 T,POE INDOOR WRLS ACCESS POINT AC2200 TRIBAND POE INDOOR ING!!!,POE INDOOR WRLS ACCESS POINT AC2200 TRIBAND POE INDOOR ING!!!,http://www.wecsysllc.com,,,,,,30,DA,,,,,,,,,,,,B
33411,TRENDNET INC,TEW-830MDR,7FY903,,190.25,154.57,EA,,EA,8,AF,TW,AC2200 WIFI MESH ROUTER,AC2200 WIFI MESH ROUTER ING!!!,AC2200 WIFI MESH ROUTER ING!!!,http://www.wecsysllc.com,,,,,,30,DA,,,,,,,,,,,,B
33411,TRENDNET INC,TEW-830MDR2K,7FY905,,330.64,273.48,EA,,EA,8,AF,TW,AC2200 WIFI MESH ROUTER SYSTEM,AC2200 WIFI MESH ROUTER SYSTEM ING!!!,AC2200 WIFI MESH ROUTER SYSTEM ING!!!,http://www.wecsysllc.com,,,,,,30,DA,,,,,,,,,,,,B
33411,TRENDNET INC,TEW-841APBO,6RV980,,261.25,214.71,EA,,EA,8,AF,TW,WRLS AC1300 OUTDOOR POE+5 DBI OMNI-DIR,WRLS AC1300 OUTDOOR POE+5 DBI OMNI-DIRECTIONAL ACCESS POINT ING!!!,WRLS AC1300 OUTDOOR POE+5 DBI OMNI-DIRECTIONAL ACCESS POINT ING!!!,http://www.wecsysllc.com,,,,,,30,DA,,,,,,,,,,,,B
33411,TRENDNET INC,TFC-1000MSC,Q72814,,92.3,71.33,EA,,EA,8,AF,TW,1000TX TO 1000SX SC-TYPE FIBER MULTIMOD,1000TX TO 1000SX SC-TYPE FIBER MULTIMODE MEDIA CONVERTER ING!!!,1000TX TO 1000SX SC-TYPE FIBER MULTIMODE MEDIA CONVERTER ING!!!,http://www.wecsysllc.com,,,,,,30,DA,,,,,,,,,,,,B
33411,TRENDNET INC,TFC-1000S10D3,Q72819,,386.57,321.03,EA,,EA,8,AF,TW,1000TX TO WDM TX 1310 SMF CONVERTE,1000TX TO WDM TX 1310 SMF CONVERTER 10KM (5 WEEKS) ING!!!,1000TX TO WDM TX 1310 SMF CONVERTER 10KM (5 WEEKS) ING!!!,http://www.wecsysllc.com,,,,,,30,DA,,,,,,,,,,,,B
33411,TRENDNET INC,TFC-1000S10D5,Q72820,,603.62,463.71,EA,,EA,8,AF,TW,1000TX TO WDM TX 1550 SMF CONVERTE,1000TX TO WDM TX 1550 SMF CONVERTER 10KM (5 WEEKS) ING!!!,1000TX TO WDM TX 1550 SMF CONVERTER 10KM (5 WEEKS) ING!!!,http://www.wecsysllc.com,,,,,,30,DA,,,,,,,,,,,,B
33411,TRENDNET INC,TFC-1000S40D3,Q72821,,926.03,713.42,EA,,EA,8,AF,TW,1000TX TO WDM TX 1310 SMF CONVERTE,1000TX TO WDM TX 1310 SMF CONVERTER 40KM (5 WEEKS) ING!!!,1000TX TO WDM TX 1310 SMF CONVERTER 40KM (5 WEEKS) ING!!!,http://www.wecsysllc.com,,,,,,30,DA,,,,,,,,,,,,B
33411,TRENDNET INC,TFC-1000S40D5,Q72822,,1233.47,951.23,EA,,EA,8,AF,TW,1000TX TO WDM TX 1550 SMF CONVERTE,1000TX TO WDM TX 1550 SMF CONVERTER 40KM (5 WEEKS) ING!!!,1000TX TO WDM TX 1550 SMF CONVERTER 40KM (5 WEEKS) ING!!!,http://www.wecsysllc.com,,,,,,30,DA,,,,,,,,,,,,B
33411,TRENDNET INC,TFC-1000S70,Q72818,,833.83,642.07,EA,,EA,8,AF,TW,1000BT TO 1000-LX SMF CONVERTER70KM,1000BT TO 1000-LX SMF CONVERTER70KM ING!!!,1000BT TO 1000-LX SMF CONVERTER70KM ING!!!,http://www.wecsysllc.com,,,,,,30,DA,,,,,,,,,,,,B
33411,TRENDNET INC,TFC-110S100,3F7740,,649.66,499.38,EA,,EA,8,AF,TW,100BASE-TX TO 100BASE-FX SINGLEMODE SC,100BASE-TX TO 100BASE-FX SINGLEMODE SC FIBER CONVERTER 100KM ING!!!,100BASE-TX TO 100BASE-FX SINGLEMODE SC FIBER CONVERTER 100KM ING!!!,http://www.wecsysllc.com,,,,,,30,DA,,,,,,,,,,,,B
33411,TRENDNET INC,TFC-110S20D3,Y65922,,101.91,79.65,EA,,EA,8,AF,TW,100BASE-TX TO 100BASE-FX SINGLE M,100BASE-TX TO 100BASE-FX SINGLE MODE SC FIBER CONV TX1310 ING!!!,100BASE-TX TO 100BASE-FX SINGLE MODE SC FIBER CONV TX1310 ING!!!,http://www.wecsysllc.com,,,,,,30,DA,,,,,,,,,,,,B
33411,TRENDNET INC,TFC-110S20D5I,QM7678,,148.18,118.89,EA,,EA,8,AF,TW,INTELLIGENT 100TX TO 100FX RJ45DUAL WAV,INTELLIGENT 100TX TO 100FX RJ45DUAL WAVELENGTH FIBER CNVTR 20 KM ING!!!,INTELLIGENT 100TX TO 100FX RJ45DUAL WAVELENGTH FIBER CNVTR 20 KM ING!!!,http://www.wecsysllc.com,,,,,,30,DA,,,,,,,,,,,,B
33411,TRENDNET INC,TFC-110S30,Q72803,,96.35,74.9,EA,,EA,8,AF,TW,10/100TX TO 100FX SINGLE MODE 30 KM FI,10/100TX TO 100FX SINGLE MODE 30 KM FIBER SC CONNECT ING!!!,10/100TX TO 100FX SINGLE MODE 30 KM FIBER SC CONNECT ING!!!,http://www.wecsysllc.com,,,,,,30,DA,,,,,,,,,,,,B
33411,TRENDNET INC,TFC-110S30I,Q72807,,122.88,97.49,EA,,EA,8,AF,TW,10/100TX TO 100FX SMF CONVERTER30KM,10/100TX TO 100FX SMF CONVERTER30KM ING!!!,10/100TX TO 100FX SMF CONVERTER30KM ING!!!,http://www.wecsysllc.com,,,,,,30,DA,,,,,,,,,,,,B
33411,TRENDNET INC,TFC-110S40D5I,QM7682,,491.95,410.2,EA,,EA,8,AF,TW,INTELLIGENT 100TX TO 100FX RJ45DUAL WAV,INTELLIGENT 100TX TO 100FX RJ45DUAL WAVELENGTH FIBER CNVTR 40 KM ING!!!,INTELLIGENT 100TX TO 100FX RJ45DUAL WAVELENGTH FIBER CNVTR 40 KM ING!!!,http://www.wecsysllc.com,,,,,,30,DA,,,,,,,,,,,,B
33411,TRENDNET INC,TFC-1600MM,Q72796,,138.33,110.57,EA,,EA,8,AF,TW,MANAGEMENT MODULE FOR TFC-1600 CHASSIS,MANAGEMENT MODULE FOR TFC-1600 CHASSIS SNMP WEB BASED ING!!!,MANAGEMENT MODULE FOR TFC-1600 CHASSIS SNMP WEB BASED ING!!!,http://www.wecsysllc.com,,,,,,30,DA,,,,,,,,,,,,B
33411,TRENDNET INC,TFC-1600RP,Q72797,,218.38,178.34,EA,,EA,8,AF,TW,REDUNDANT POWER SUPPLY TFC-1600CHASSIS,REDUNDANT POWER SUPPLY TFC-1600CHASSIS OP TFC-110MST/MSC ING!!!,REDUNDANT POWER SUPPLY TFC-1600CHASSIS OP TFC-110MST/MSC ING!!!,http://www.wecsysllc.com,,,,,,30,DA,,,,,,,,,,,,B
33411,TRENDNET INC,TFC-PGSFP,6DB557,,79.74,52.32,EA,,EA,8,AF,TW,GIGABIT POE PD SFP FIBER MEDIA CO,GIGABIT POE PD SFP FIBER MEDIA CONVERTER ING!!!,GIGABIT POE PD SFP FIBER MEDIA CONVERTER ING!!!,http://www.wecsysllc.com,,,,,,30,DA,,,,,,,,,,,,B
33411,TRENDNET INC,TI-E100,7FY904,,176.27,142.68,EA,,EA,8,AF,TW,INDUSTRIAL GIGABIT POE+ EXTENDER,INDUSTRIAL GIGABIT POE+ EXTENDER ING!!!,INDUSTRIAL GIGABIT POE+ EXTENDER ING!!!,http://www.wecsysllc.com,,,,,,30,DA,,,,,,,,,,,,B
33411,TRENDNET INC,TI-E50,6YK284,,92.57,71.59,EA,,EA,8,AF,TW,5-PORT INDUSTRIAL FAST ETHERNETDIN-RAIL,5-PORT INDUSTRIAL FAST ETHERNETDIN-RAIL SWITCH ING!!!,5-PORT INDUSTRIAL FAST ETHERNETDIN-RAIL SWITCH ING!!!,http://www.wecsysllc.com,,,,,,30,DA,,,,,,,,,,,,B
33411,TRENDNET INC,TI-E80,6YK285,,134.17,107.08,EA,,EA,8,AF,TW,8-PORT INDUSTRIAL FAST ETHERNETDIN-RAIL,8-PORT INDUSTRIAL FAST ETHERNETDIN-RAIL SWITCH ING!!!,8-PORT INDUSTRIAL FAST ETHERNETDIN-RAIL SWITCH ING!!!,http://www.wecsysllc.com,,,,,,30,DA,,,,,,,,,,,,B
33411,TRENDNET INC,TI-G102I,6QQ505,,559.21,429.3,EA,,EA,8,AF,TW,10PORT INDUSTRIAL GIGABIT L2 MANAGED,10PORT INDUSTRIAL GIGABIT L2 MANAGED DIN-RAIL SWITCH ING!!!,10PORT INDUSTRIAL GIGABIT L2 MANAGED DIN-RAIL SWITCH ING!!!,http://www.wecsysllc.com,,,,,,30,DA,,,,,,,,,,,,B
33411,TRENDNET INC,TI-G160I,7BB575,,661.88,508.84,EA,,EA,8,AF,TW,16-PORT INDUSTRIAL SWITCH MANAGED,16-PORT INDUSTRIAL SWITCH MANAGED DIN RAIL SWITCH ING!!!,16-PORT INDUSTRIAL SWITCH MANAGED DIN RAIL SWITCH ING!!!,http://www.wecsysllc.com,,,,,,30,DA,,,,,,,,,,,,B
33411,TRENDNET INC,TI-G162,7HD944,,499.06,416.16,EA,,EA,8,AF,TW,14PORT GIGABIT INDUSTRIAL DIN-RAIL,14PORT GIGABIT INDUSTRIAL DIN-RAIL SWITCH ING!!!,14PORT GIGABIT INDUSTRIAL DIN-RAIL SWITCH ING!!!,http://www.wecsysllc.com,,,,,,30,DA,,,,,,,,,,,,B
33411,TRENDNET INC,TI-IG90,6KA629,,232.46,190.25,EA,,EA,8,AF,TW,HARDEND INDUSTRIAL 90W GIGABIT GIGABIT,HARDEND INDUSTRIAL 90W GIGABIT GIGABIT 4P POE INJECTOR ING!!!,HARDEND INDUSTRIAL 90W GIGABIT GIGABIT 4P POE INJECTOR ING!!!,http://www.wecsysllc.com,,,,,,30,DA,,,,,,,,,,,,B
33411,TRENDNET INC,TI-PE50,6KA630,,162.25,130.79,EA,,EA,8,AF,TW,POE+ DIN-RAIL SWITCH 5PORT IN,POE+ DIN-RAIL SWITCH 5PORT INDUSTRIAL FAST ETHERNET ING!!!,POE+ DIN-RAIL SWITCH 5PORT INDUSTRIAL FAST ETHERNET ING!!!,http://www.wecsysllc.com,,,,,,30,DA,,,,,,,,,,,,B
33411,TRENDNET INC,TI-PE80,6RV912,,225.38,184.3,EA,,EA,8,AF,TW,8-PORT INDUSTRIAL FAST ETHERNETPOE+ DIN,8-PORT INDUSTRIAL FAST ETHERNETPOE+ DIN-RAIL SWITCH ING!!!,8-PORT INDUSTRIAL FAST ETHERNETPOE+ DIN-RAIL SWITCH ING!!!,http://www.wecsysllc.com,,,,,,30,DA,,,,,,,,,,,,B
33411,TRENDNET INC,TI-PG160,6QQ844,,726.39,558.85,EA,,EA,8,AF,TW,16PORT INDUSTRIAL SWITCH 16PORT I,16PORT INDUSTRIAL SWITCH 16PORT INDUSTRIAL GIGABIT SWITCH ING!!!,16PORT INDUSTRIAL SWITCH 16PORT INDUSTRIAL GIGABIT SWITCH ING!!!,http://www.wecsysllc.com,,,,,,30,DA,,,,,,,,,,,,B
33411,TRENDNET INC,TI-PG162,7HD945,,741.72,570.74,EA,,EA,8,AF,TW,14PORT GIGABIT POE+ INDUSTRIAL POE+ DIN,14PORT GIGABIT POE+ INDUSTRIAL POE+ DIN-RAIL SWITCH ING!!!,14PORT GIGABIT POE+ INDUSTRIAL POE+ DIN-RAIL SWITCH ING!!!,http://www.wecsysllc.com,,,,,,30,DA,,,,,,,,,,,,B
33411,TRENDNET INC,TI-PG50,7FY906,,246.52,202.14,EA,,EA,8,AF,TW,5-PORT INDUSTRIAL GIGABIT POE+ DIN-RAIL,5-PORT INDUSTRIAL GIGABIT POE+ DIN-RAIL SWITCH ING!!!,5-PORT INDUSTRIAL GIGABIT POE+ DIN-RAIL SWITCH ING!!!,http://www.wecsysllc.com,,,,,,30,DA,,,,,,,,,,,,B
33411,TRENDNET INC,TI-PG50F,6PB585,,260.45,214.03,EA,,EA,8,AF,TW,5PORT GIGABIT POE ACCESS SWITCH5-PORT G,5PORT GIGABIT POE ACCESS SWITCH5-PORT GIGABIT POE ACCESS SWITCH ING!!!,5PORT GIGABIT POE ACCESS SWITCH5-PORT GIGABIT POE ACCESS SWITCH ING!!!,http://www.wecsysllc.com,,,,,,30,DA,,,,,,,,,,,,B
33411,TRENDNET INC,TI-PG80B,6KT743,,484.87,404.27,EA,,EA,8,AF,TW,8PORT IND GIG POE+ DIN-RAIL SWITCH,8PORT IND GIG POE+ DIN-RAIL SWITCH ING!!!,8PORT IND GIG POE+ DIN-RAIL SWITCH ING!!!,http://www.wecsysllc.com,,,,,,30,DA,,,,,,,,,,,,B
33411,TRENDNET INC,TI-PG80F,6PB584,,365.37,303.2,EA,,EA,8,AF,TW,8PORT GIGABIT POE ACCESS SWITCH8-PORT G,8PORT GIGABIT POE ACCESS SWITCH8-PORT GIGABIT POE ACCESS SWITCH ING!!!,8PORT GIGABIT POE ACCESS SWITCH8-PORT GIGABIT POE ACCESS SWITCH ING!!!,http://www.wecsysllc.com,,,,,,30,DA,,,,,,,,,,,,B
33411,TRENDNET INC,TI-S24048,2M4440,,225.38,184.3,EA,,EA,8,AF,TW,240W SINGLE OUTPUT INDUSTRIAL DIN-RAIL,240W SINGLE OUTPUT INDUSTRIAL DIN-RAIL POWER SUPPLY ING!!!,240W SINGLE OUTPUT INDUSTRIAL DIN-RAIL POWER SUPPLY ING!!!,http://www.wecsysllc.com,,,,,,30,DA,,,,,,,,,,,,B
33411,TRENDNET INC,TK-440DP,6YL440,,552.44,424.05,EA,,EA,8,AF,TW,4-PORT DUAL MONITOR DISPLAYPORT,4-PORT DUAL MONITOR DISPLAYPORT ING!!!,4-PORT DUAL MONITOR DISPLAYPORT ING!!!,http://www.wecsysllc.com,,,,,,30,DA,,,,,,,,,,,,B
33411,TRENDNET INC,TK-803R,Q72875,,190.27,154.57,EA,,EA,8,AF,TW,8PORT KVM USB PS2 COMBO RACK MOUNT SW,8PORT KVM USB PS2 COMBO RACK MOUNT SWITCH PC LINUX MAC P&P ING!!!,8PORT KVM USB PS2 COMBO RACK MOUNT SWITCH PC LINUX MAC P&P ING!!!,http://www.wecsysllc.com,,,,,,30,DA,,,,,,,,,,,,B
33411,TRENDNET INC,TK-DEX5,3FH329,,204.42,166.46,EA,,EA,8,AF,TW,KVM EXTENSION KIT UP TO 50M W/ AUDIO SU,KVM EXTENSION KIT UP TO 50M W/ AUDIO SUP ING!!!,KVM EXTENSION KIT UP TO 50M W/ AUDIO SUP ING!!!,http://www.wecsysllc.com,,,,,,30,DA,,,,,,,,,,,,B
33411,TRENDNET INC,TL2-FG142,6YK286,,477.84,398.33,EA,,EA,8,AF,TW,14-PORT GIGABIT MANAGED LAYER 2 SFP SW,14-PORT GIGABIT MANAGED LAYER 2 SFP SWITCH WITH 2 SHARED RJ-45 ING!!!,14-PORT GIGABIT MANAGED LAYER 2 SFP SWITCH WITH 2 SHARED RJ-45 ING!!!,http://www.wecsysllc.com,,,,,,30,DA,,,,,,,,,,,,B
33411,TRENDNET INC,TL2-G244,DX6199,,414.5,344.81,EA,,EA,8,AF,TW,24PORT 10/100/1000 4PORT MINI-GBI,24PORT 10/100/1000 4PORT MINI-GBIC 4PORT GB ENET LAYER2 SW ING!!!,24PORT 10/100/1000 4PORT MINI-GBIC 4PORT GB ENET LAYER2 SW ING!!!,http://www.wecsysllc.com,,,,,,30,DA,,,,,,,,,,,,B
33411,TRENDNET INC,TL2-PG284,4Q3550,,757.09,582.63,EA,,EA,8,AF,TW,28PORT GB POE+ MANAGED LAYER 2 SWITCH W,28PORT GB POE+ MANAGED LAYER 2 SWITCH WITH 4 SFP SLOTS ING!!!,28PORT GB POE+ MANAGED LAYER 2 SWITCH WITH 4 SFP SLOTS ING!!!,http://www.wecsysllc.com,,,,,,30,DA,,,,,,,,,,,,B
33411,TRENDNET INC,TPE-104GS,XN0477,,30.8,20.21,EA,,EA,8,AF,TW,GIGABIT POE SPLITTER POWERED BY THE P,GIGABIT POE SPLITTER POWERED BY THE POE CONNECTION ING!!!,GIGABIT POE SPLITTER POWERED BY THE POE CONNECTION ING!!!,http://www.wecsysllc.com,,,,,,30,DA,,,,,,,,,,,,B
33411,TRENDNET INC,TPE-113GI,PD1234,,39.87,26.16,EA,,EA,8,AF,TW,GIGABIT POE INJECTOR PRODUCE A GIGABIT,GIGABIT POE INJECTOR PRODUCE A GIGABIT POE SIGNAL ING!!!,GIGABIT POE INJECTOR PRODUCE A GIGABIT POE SIGNAL ING!!!,http://www.wecsysllc.com,,,,,,30,DA,,,,,,,,,,,,B
33411,TRENDNET INC,TPE-115GI,QY3584,,54.36,35.67,EA,,EA,8,AF,TW,TPE-115GI GIGABIT POE INJECTOR FULL DUP,TPE-115GI GIGABIT POE INJECTOR FULL DUPLEX ENET SPEED ING!!!,TPE-115GI GIGABIT POE INJECTOR FULL DUPLEX ENET SPEED ING!!!,http://www.wecsysllc.com,,,,,,30,DA,,,,,,,,,,,,B
33411,TRENDNET INC,TPE-117GI,8D8917,,106.03,83.23,EA,,EA,8,AF,TW,GIGABIT ULTRA POE+ INJECTOR FULL DUP,GIGABIT ULTRA POE+ INJECTOR FULL DUPLEX GIGABIT SPEEDS ING!!!,GIGABIT ULTRA POE+ INJECTOR FULL DUPLEX GIGABIT SPEEDS ING!!!,http://www.wecsysllc.com,,,,,,30,DA,,,,,,,,,,,,B
33411,TRENDNET INC,TPE-147GI,7MQ886,,134.09,107.01,EA,,EA,8,AF,TW,65W 4PORT GIGABIT POE+ INJECTOR,65W 4PORT GIGABIT POE+ INJECTOR ING!!!,65W 4PORT GIGABIT POE+ INJECTOR ING!!!,http://www.wecsysllc.com,,,,,,30,DA,,,,,,,,,,,,B
33411,TRENDNET INC,TPE-1620WSF,7FX917,,672.71,517.23,EA,,EA,8,AF,TW,16 X GIGABIT POE+ PORTS 20-PORTGIGABIT,16 X GIGABIT POE+ PORTS 20-PORTGIGABIT WEB SMART 370W POE+ SWITCH ING!!!,16 X GIGABIT POE+ PORTS 20-PORTGIGABIT WEB SMART 370W POE+ SWITCH ING!!!,http://www.wecsysllc.com,,,,,,30,DA,,,,,,,,,,,,B
33411,TRENDNET INC,TPE-5048WS,9V0323,,1079.75,832.32,EA,,EA,8,AF,TW,52PORT GIBABIT WEB SMART POE+ SWITCH,52PORT GIBABIT WEB SMART POE+ SWITCH ING!!!,52PORT GIBABIT WEB SMART POE+ SWITCH ING!!!,http://www.wecsysllc.com,,,,,,30,DA,,,,,,,,,,,,B
33411,TRENDNET INC,TPE-5240WS,2DA570,,818.47,630.19,EA,,EA,8,AF,TW,52PORT 48GB WEB SMART POE SWITCH,52PORT 48GB WEB SMART POE SWITCH ING!!!,52PORT 48GB WEB SMART POE SWITCH ING!!!,http://www.wecsysllc.com,,,,,,30,DA,,,,,,,,,,,,B
33411,TRENDNET INC,TPE-E100,YL9872,,92.28,71.34,EA,,EA,8,AF,TW,GIGABIT POE+ REPEATER 48PORT GIGABIT,GIGABIT POE+ REPEATER 48PORT GIGABIT WEB SMART POE+SWITCH ING!!!,GIGABIT POE+ REPEATER 48PORT GIGABIT WEB SMART POE+SWITCH ING!!!,http://www.wecsysllc.com,,,,,,30,DA,,,,,,,,,,,,B
33411,TRENDNET INC,TPE-E110,YL9875,,120.08,95.12,EA,,EA,8,AF,TW,GIGABIT POE+ REPEATER/AMPLIFIER,GIGABIT POE+ REPEATER/AMPLIFIER ING!!!,GIGABIT POE+ REPEATER/AMPLIFIER ING!!!,http://www.wecsysllc.com,,,,,,30,DA,,,,,,,,,,,,B
33411,TRENDNET INC,TPE-P521ES,3DT082,,92.29,71.34,EA,,EA,8,AF,TW,SWITCH WITH POE PASS THROUGH 5PORT GI,SWITCH WITH POE PASS THROUGH 5PORT GIGABIT POE POWERED EDGESMART ING!!!,SWITCH WITH POE PASS THROUGH 5PORT GIGABIT POE POWERED EDGESMART ING!!!,http://www.wecsysllc.com,,,,,,30,DA,,,,,,,,,,,,B
33411,TRENDNET INC,TPE-S50,2V0913,,72.48,47.56,EA,,EA,8,AF,TW,5-PORT 10/100 MBPS POE SWITCH 1GBPS SW,5-PORT 10/100 MBPS POE SWITCH 1GBPS SWITCHING CAPACITY ING!!!,5-PORT 10/100 MBPS POE SWITCH 1GBPS SWITCHING CAPACITY ING!!!,http://www.wecsysllc.com,,,,,,30,DA,,,,,,,,,,,,B
33411,TRENDNET INC,TPE-T80H,TQ8183,,176.26,142.68,EA,,EA,8,AF,TW,8PORT 10/100 ENET POE+SWITCH,8PORT 10/100 ENET POE+SWITCH ING!!!,8PORT 10/100 ENET POE+SWITCH ING!!!,http://www.wecsysllc.com,,,,,,30,DA,,,,,,,,,,,,B
33411,TRENDNET INC,TPE-TG50G,VZ0050,,98.11,76.41,EA,,EA,8,AF,TW,5PORT GIGABIT POE SWITCH 10GBPSSWITCHIN,5PORT GIGABIT POE SWITCH 10GBPSSWITCHING CAPACITY ING!!!,5PORT GIGABIT POE SWITCH 10GBPSSWITCHING CAPACITY ING!!!,http://www.wecsysllc.com,,,,,,30,DA,,,,,,,,,,,,B
33411,TRENDNET INC,TPE-TG611,6RV911,,134.1,107.01,EA,,EA,8,AF,TW,6-PORT GIGABIT POE+ SWITCH 4 X GIGA,6-PORT GIGABIT POE+ SWITCH 4 X GIGABIT POE+ PORTS ING!!!,6-PORT GIGABIT POE+ SWITCH 4 X GIGABIT POE+ PORTS ING!!!,http://www.wecsysllc.com,,,,,,30,DA,,,,,,,,,,,,B
33411,TRENDNET INC,TPE-TG81G,QY3582,,204.41,166.46,EA,,EA,8,AF,TW,TPE-TG81G 8PORT GIGABIT GREENNET,TPE-TG81G 8PORT GIGABIT GREENNET POE SWITCH ING!!!,TPE-TG81G 8PORT GIGABIT GREENNET POE SWITCH ING!!!,http://www.wecsysllc.com,,,,,,30,DA,,,,,,,,,,,,B
33411,TRENDNET INC,TPE-TG82ES,3DN958,,148.16,118.9,EA,,EA,8,AF,TW,8XGIGABIT POE + PORTS 8-PORT G,8XGIGABIT POE + PORTS 8-PORT GIGABIT EDGESMART POE+SWITCH ING!!!,8XGIGABIT POE + PORTS 8-PORT GIGABIT EDGESMART POE+SWITCH ING!!!,http://www.wecsysllc.com,,,,,,30,DA,,,,,,,,,,,,B
33411,TRENDNET INC,TV-EVOS48,6KW365,,1537.31,1011.93,EA,,EA,8,AF,US,48 CH CAMERA EVO LICS,48 CH CAMERA EVO LICS ING!!!,48 CH CAMERA EVO LICS ING!!!,http://www.wecsysllc.com,,,,,,30,DA,,,,,,,,,,,,B
33411,TRENDNET INC,TV-EVOS72,6KW366,,2208.74,1517.89,EA,,EA,8,AF,US,72 CH CAMERA EVO LICS,72 CH CAMERA EVO LICS ING!!!,72 CH CAMERA EVO LICS ING!!!,http://www.wecsysllc.com,,,,,,30,DA,,,,,,,,,,,,B
33411,TRENDNET INC,TV-EVOSUNL,6KW368,,6836.71,4047.72,EA,,EA,8,AF,US,UNLIMITED CAMERA EVO LICS,UNLIMITED CAMERA EVO LICS ING!!!,UNLIMITED CAMERA EVO LICS ING!!!,http://www.wecsysllc.com,,,,,,30,DA,,,,,,,,,,,,B
33411,TRENDNET INC,TV-IP344PI,6B5701,,358.36,297.26,EA,,EA,8,AF,TW,TV-IP344PI 4MP BULLET CAMERA 2.8-12MM,TV-IP344PI 4MP BULLET CAMERA 2.8-12MM 30M IP66 WDR ENET ING!!!,TV-IP344PI 4MP BULLET CAMERA 2.8-12MM 30M IP66 WDR ENET ING!!!,http://www.wecsysllc.com,,,,,,30,DA,,,,,,,,,,,,B
33411,TRENDNET INC,TV-IP345PI,6B5702,,358.37,297.26,EA,,EA,8,AF,TW,INDOOR/OUTDOOR CAMERA 4MP VARIFOCA,INDOOR/OUTDOOR CAMERA 4MP VARIFOCAL POE IR DOME NTWK CAMERA ING!!!,INDOOR/OUTDOOR CAMERA 4MP VARIFOCAL POE IR DOME NTWK CAMERA ING!!!,http://www.wecsysllc.com,,,,,,30,DA,,,,,,,,,,,,B
33411,TRIDENT CASE,AMS-T-MAGNET,4AH957,,19.63,12.88,EA,,EA,8,AF,HK,BULK KRAKEN AMS BLK CASE MAGNETATTACHME,BULK KRAKEN AMS BLK CASE MAGNETATTACHMENT FOR KRAKEN CASE ING!!!,BULK KRAKEN AMS BLK CASE MAGNETATTACHMENT FOR KRAKEN CASE ING!!!,http://www.wecsysllc.com,,,,,,30,DA,,,,,,,,,,,,B
33411,TRIDENT CASE,CY-APIPA2-CLSLK,1A5207,,34.35,22.54,EA,,EA,8,AF,HK,CYCLOPS CASE WITH SLIDING STANDCLEAR IN,CYCLOPS CASE WITH SLIDING STANDCLEAR IN BULK APPLE IPAD AIR 2 ING!!!,CYCLOPS CASE WITH SLIDING STANDCLEAR IN BULK APPLE IPAD AIR 2 ING!!!,http://www.wecsysllc.com,,,,,,30,DA,,,,,,,,,,,,B
33411,TRIDENT CASE,EVAIP3B,2TM130,,26.5,17.39,EA,,EA,8,AF,HK,PEGASUS W/STAND/HANDLE BLUE CASE FOR,PEGASUS W/STAND/HANDLE BLUE CASE FOR KIDS/SCHOOLS IPAD 9.7 ING!!!,PEGASUS W/STAND/HANDLE BLUE CASE FOR KIDS/SCHOOLS IPAD 9.7 ING!!!,http://www.wecsysllc.com,,,,,,30,DA,,,,,,,,,,,,B
33411,TRIDENT CASE,EVAIP3K,2TM131,,26.5,17.39,EA,,EA,8,AF,HK,PEGASUS W/STAND/HANDLE BLACK CASE FOR,PEGASUS W/STAND/HANDLE BLACK CASE FOR KIDS/SCHOOLS IPAD 9.7 ING!!!,PEGASUS W/STAND/HANDLE BLACK CASE FOR KIDS/SCHOOLS IPAD 9.7 ING!!!,http://www.wecsysllc.com,,,,,,30,DA,,,,,,,,,,,,B
33411,TRIDENT CASE,EVAIP3R,2TM129,,26.5,17.39,EA,,EA,8,AF,HK,PEGASUS W/HANDLE & STAND RED CASE FOR,PEGASUS W/HANDLE & STAND RED CASE FOR KIDS/SCHOOLS IPAD 9.7 ING!!!,PEGASUS W/HANDLE & STAND RED CASE FOR KIDS/SCHOOLS IPAD 9.7 ING!!!,http://www.wecsysllc.com,,,,,,30,DA,,,,,,,,,,,,B
33411,TRIDENT CASE,EVAIPMB,4AH959,,26.5,17.39,EA,,EA,8,AF,HK,BULK PEGASUS BLUE/BLK CASE W/ HANDLE &,BULK PEGASUS BLUE/BLK CASE W/ HANDLE & STAND FOR IPAD MINI4 ING!!!,BULK PEGASUS BLUE/BLK CASE W/ HANDLE & STAND FOR IPAD MINI4 ING!!!,http://www.wecsysllc.com,,,,,,30,DA,,,,,,,,,,,,B
33411,TRIDENT CASE,EVAIPMK,4AH960,,26.5,17.39,EA,,EA,8,AF,HK,BULK PEGASUS BLACK CASE W/ HANDLE &,BULK PEGASUS BLACK CASE W/ HANDLE & STAND FOR IPAD MINI4 ING!!!,BULK PEGASUS BLACK CASE W/ HANDLE & STAND FOR IPAD MINI4 ING!!!,http://www.wecsysllc.com,,,,,,30,DA,,,,,,,,,,,,B
33411,TRIDENT CASE,EVAIPMR,4AH961,,26.5,17.39,EA,,EA,8,AF,HK,BULK PEGASUS RED/BLK CASE W/ HANDLE &,BULK PEGASUS RED/BLK CASE W/ HANDLE & STAND FOR IPAD MINI4 ING!!!,BULK PEGASUS RED/BLK CASE W/ HANDLE & STAND FOR IPAD MINI4 ING!!!,http://www.wecsysllc.com,,,,,,30,DA,,,,,,,,,,,,B
33411,TRIDENT CASE,KAIP1K0,9Z3063,,41.22,27.05,EA,,EA,8,AF,HK,KRAKEN AMS BLACK CASE FOR APPLEIPAD PRO,KRAKEN AMS BLACK CASE FOR APPLEIPAD PRO 10.5 ING!!!,KRAKEN AMS BLACK CASE FOR APPLEIPAD PRO 10.5 ING!!!,http://www.wecsysllc.com,,,,,,30,DA,,,,,,,,,,,,B
33411,TRIDENT CASE,KAIP3K0,9B0972,,41.22,27.05,EA,,EA,8,AF,HK,KRAKEN AMS CASE IPAD 9.7 2017 BLCK (BU,KRAKEN AMS CASE IPAD 9.7 2017 BLCK (BULK) ING!!!,KRAKEN AMS CASE IPAD 9.7 2017 BLCK (BULK) ING!!!,http://www.wecsysllc.com,,,,,,30,DA,,,,,,,,,,,,B
33411,TRIDENT CASE,KAIP3KI,8W8989,,61.84,40.58,EA,,EA,8,AF,HK,KRAKEN AMS INDUSTRIAL SERIES BLACK CA,KRAKEN AMS INDUSTRIAL SERIES BLACK CASE F/IPAD 2017 9.7IN BULK ING!!!,KRAKEN AMS INDUSTRIAL SERIES BLACK CASE F/IPAD 2017 9.7IN BULK ING!!!,http://www.wecsysllc.com,,,,,,30,DA,,,,,,,,,,,,B
33411,TRIDENT CASE,KN-APIPA2-BL000,YN8320,,41.22,27.05,EA,,EA,8,AF,HK,KRAKEN AMS BLUE CASE FOR APPLEIPAD AIR,KRAKEN AMS BLUE CASE FOR APPLEIPAD AIR 2 ING!!!,KRAKEN AMS BLUE CASE FOR APPLEIPAD AIR 2 ING!!!,http://www.wecsysllc.com,,,,,,30,DA,,,,,,,,,,,,B
33411,TRIDENT CASE,KN-APIPA2-CLBLK,4AH958,,41.22,27.05,EA,,EA,8,AF,HK,BULK KRAKEN CLEAR CASE FOR IPAD AIR,BULK KRAKEN CLEAR CASE FOR IPAD AIR2 ING!!!,BULK KRAKEN CLEAR CASE FOR IPAD AIR2 ING!!!,http://www.wecsysllc.com,,,,,,30,DA,,,,,,,,,,,,B
33411,TRIDENT CASE,KN-APIPA2-WTI01,2Z9913,,61.84,40.58,EA,,EA,8,AF,HK,KRAKEN AMS INDUSTRIAL SERIES F/IPAD AIR,KRAKEN AMS INDUSTRIAL SERIES F/IPAD AIR 2 W/BUILT-IN HANDLE WHITE ING!!!,KRAKEN AMS INDUSTRIAL SERIES F/IPAD AIR 2 W/BUILT-IN HANDLE WHITE ING!!!,http://www.wecsysllc.com,,,,,,30,DA,,,,,,,,,,,,B
33411,TRIDENT CASE,KN-APIPA3-BK000,1V8622,,41.22,27.05,EA,,EA,8,AF,HK,KRAKEN AMS CASE FOR APPLE IPAD PRO 9.7,KRAKEN AMS CASE FOR APPLE IPAD PRO 9.7 BLACK ING!!!,KRAKEN AMS CASE FOR APPLE IPAD PRO 9.7 BLACK ING!!!,http://www.wecsysllc.com,,,,,,30,DA,,,,,,,,,,,,B
33411,TRIDENT CASE,KN-APIPA3-BL000,1V8623,,41.22,27.05,EA,,EA,8,AF,HK,KRAKEN AMS CASE FOR APPLE IPAD PRO 9.7,KRAKEN AMS CASE FOR APPLE IPAD PRO 9.7 BLUE ING!!!,KRAKEN AMS CASE FOR APPLE IPAD PRO 9.7 BLUE ING!!!,http://www.wecsysllc.com,,,,,,30,DA,,,,,,,,,,,,B
33411,TRIDENT CASE,PAIP3C0,8W8993,,34.35,22.54,EA,,EA,8,AF,HK,CYCLOPS CLEAR CASE FOR APPLE IP,CYCLOPS CLEAR CASE FOR APPLE IPAD 2017 9.7IN BULK ING!!!,CYCLOPS CLEAR CASE FOR APPLE IPAD 2017 9.7IN BULK ING!!!,http://www.wecsysllc.com,,,,,,30,DA,,,,,,,,,,,,B
33411,TRIDENT CASE,PAIP3K0,8W8991,,34.35,22.54,EA,,EA,8,AF,HK,CYCLOPS BLACK CASE FOR APPLE IP,CYCLOPS BLACK CASE FOR APPLE IPAD 2017 9.7IN BULK ING!!!,CYCLOPS BLACK CASE FOR APPLE IPAD 2017 9.7IN BULK ING!!!,http://www.wecsysllc.com,,,,,,30,DA,,,,,,,,,,,,B
33411,TRIDENT CASE,XEC20KU,2TM140,,1052.86,811.51,EA,,EA,8,AF,HK,USB 20 SLOT CHARGING CART FOR TABLETS,USB 20 SLOT CHARGING CART FOR TABLETS PHONES LAPTOPS ING!!!,USB 20 SLOT CHARGING CART FOR TABLETS PHONES LAPTOPS ING!!!,http://www.wecsysllc.com,,,,,,30,DA,,,,,,,,,,,,B
33411,TRIDENT CASE,XEC30KA,2TM143,,1748.16,1172.19,EA,,EA,8,AF,HK,AC 30 SLOT CHARGING CART FOR CHROMEBO,AC 30 SLOT CHARGING CART FOR CHROMEBOOKS LAPTOPS ING!!!,AC 30 SLOT CHARGING CART FOR CHROMEBOOKS LAPTOPS ING!!!,http://www.wecsysllc.com,,,,,,30,DA,,,,,,,,,,,,B
33411,TRIDENT CASE,XEC32KS,2TM141,,2229.49,1532.87,EA,,EA,8,AF,HK,USB W/ SYNC 32SLOT CART CHARGING,USB W/ SYNC 32SLOT CART CHARGING CART ING!!!,USB W/ SYNC 32SLOT CART CHARGING CART ING!!!,http://www.wecsysllc.com,,,,,,30,DA,,,,,,,,,,,,B
33411,TRIDENT CASE,XEC32KU,2TM142,,1927.87,1307.44,EA,,EA,8,AF,HK,USB 32 SLOT CHARGING CART FOR TABLETS,USB 32 SLOT CHARGING CART FOR TABLETS PHONES LAPTOPS ING!!!,USB 32 SLOT CHARGING CART FOR TABLETS PHONES LAPTOPS ING!!!,http://www.wecsysllc.com,,,,,,30,DA,,,,,,,,,,,,B
33411,TRIDENT CASE,XEC42KA,2TM144,,2229.59,1532.87,EA,,EA,8,AF,HK,AC 42 SLOT CHARGING CART FOR CHROMEBO,AC 42 SLOT CHARGING CART FOR CHROMEBOOKS LAPTOPS ING!!!,AC 42 SLOT CHARGING CART FOR CHROMEBOOKS LAPTOPS ING!!!,http://www.wecsysllc.com,,,,,,30,DA,,,,,,,,,,,,B
33411,TRIDENT CASE,XFBS3G0,2TM132,,15.71,10.31,EA,,EA,8,AF,HK,CHROMEBOOK PREMIUM GRAY SLEEVE FOR 13IN,CHROMEBOOK PREMIUM GRAY SLEEVE FOR 13IN CHROMEBOOK ING!!!,CHROMEBOOK PREMIUM GRAY SLEEVE FOR 13IN CHROMEBOOK ING!!!,http://www.wecsysllc.com,,,,,,30,DA,,,,,,,,,,,,B
33411,TRIDENT CASE,XFBS3K0,2TM133,,15.71,10.31,EA,,EA,8,AF,HK,CHROMEBOOK PREMIUM BLACK SLEEVEFOR 13IN,CHROMEBOOK PREMIUM BLACK SLEEVEFOR 13IN CHROMEBOOK ING!!!,CHROMEBOOK PREMIUM BLACK SLEEVEFOR 13IN CHROMEBOOK ING!!!,http://www.wecsysllc.com,,,,,,30,DA,,,,,,,,,,,,B
33411,TRIDENT CASE,XFBS5G0,2TM134,,15.71,10.31,EA,,EA,8,AF,HK,CHROMEBOOK PREMIUM GRAY SLEEVE FOR 15IN,CHROMEBOOK PREMIUM GRAY SLEEVE FOR 15IN CHROMEBOOKS ING!!!,CHROMEBOOK PREMIUM GRAY SLEEVE FOR 15IN CHROMEBOOKS ING!!!,http://www.wecsysllc.com,,,,,,30,DA,,,,,,,,,,,,B
33411,TRIDENT CASE,XFBS5K0,2TM135,,15.71,10.31,EA,,EA,8,AF,HK,CHROMEBOOK PREMIUM BLACK SLEEVEFOR 15IN,CHROMEBOOK PREMIUM BLACK SLEEVEFOR 15IN CHROMEBOOKS ING!!!,CHROMEBOOK PREMIUM BLACK SLEEVEFOR 15IN CHROMEBOOKS ING!!!,http://www.wecsysllc.com,,,,,,30,DA,,,,,,,,,,,,B
33411,TRIPP LITE,APSX4048SW,1E5319,,4917.66,2612.5,EA,,EA,8,AF,TW,4000W INT INVERTER CHARGER 230V48VDC AT,4000W INT INVERTER CHARGER 230V48VDC ATS RJ45 HARDWIRE SINE WAVE ING!!!,4000W INT INVERTER CHARGER 230V48VDC ATS RJ45 HARDWIRE SINE WAVE ING!!!,http://www.wecsysllc.com,,,,,,30,DA,,,,,,,,,,,,B
33411,TRIPP LITE,B024-HU08,7PU748,,779.56,600,EA,,EA,8,AF,TW,HDMI/USB KVM SWITCH 8PORT 1U AUDIO/VI,HDMI/USB KVM SWITCH 8PORT 1U AUDIO/VIDEO USB PERIPHERAL SHARING ING!!!,HDMI/USB KVM SWITCH 8PORT 1U AUDIO/VIDEO USB PERIPHERAL SHARING ING!!!,http://www.wecsysllc.com,,,,,,30,DA,,,,,,,,,,,,B
33411,TRIPP LITE,B024-HU16,7PU749,,1102.59,850,EA,,EA,8,AF,TW,HDMI/USB KVM SWITCH 16PORT 1U AUDIO/VI,HDMI/USB KVM SWITCH 16PORT 1U AUDIO/VIDEO USB PERIPHERAL SHARING ING!!!,HDMI/USB KVM SWITCH 16PORT 1U AUDIO/VIDEO USB PERIPHERAL SHARING ING!!!,http://www.wecsysllc.com,,,,,,30,DA,,,,,,,,,,,,B
33411,TRIPP LITE,B127E-1A1-HH,7JF557,,440.41,366.74,EA,,EA,8,AF,TW,HDMI OVER CAT6 EXTENDER KIT W/ POWER,HDMI OVER CAT6 EXTENDER KIT W/ POWER OVER CABLE 4K 60HZ 4:4:4 ING!!!,HDMI OVER CAT6 EXTENDER KIT W/ POWER OVER CABLE 4K 60HZ 4:4:4 ING!!!,http://www.wecsysllc.com,,,,,,30,DA,,,,,,,,,,,,B
33411,TRIPP LITE,B203-101-POC,7PU750,,102.32,80,EA,,EA,8,AF,TW,USB OVER CAT5/CAT6 EXTENDER KIT1PORT W/,USB OVER CAT5/CAT6 EXTENDER KIT1PORT W/ POC USB 2.0 164 FT ING!!!,USB OVER CAT5/CAT6 EXTENDER KIT1PORT W/ POC USB 2.0 164 FT ING!!!,http://www.wecsysllc.com,,,,,,30,DA,,,,,,,,,,,,B
33411,TRIPP LITE,B203-104-POC,7PU751,,114.06,90,EA,,EA,8,AF,TW,USB OVER CAT5/CAT6 EXTENDER KIT4PORT W/,USB OVER CAT5/CAT6 EXTENDER KIT4PORT W/ POC USB 2.0 164 FT ING!!!,USB OVER CAT5/CAT6 EXTENDER KIT4PORT W/ POC USB 2.0 164 FT ING!!!,http://www.wecsysllc.com,,,,,,30,DA,,,,,,,,,,,,B
33411,TRIPP LITE,BP192V787C-1PH,9K4428,,40031.28,25926.75,EA,,EA,8,AF,TW,UPS EXT BATTERY PACK 192V TOWERSU5000 S,UPS EXT BATTERY PACK 192V TOWERSU5000 SU6000 SU8000 TAA ING!!!,UPS EXT BATTERY PACK 192V TOWERSU5000 SU6000 SU8000 TAA ING!!!,http://www.wecsysllc.com,,,,,,30,DA,,,,,,,,,,,,B
33411,TRIPP LITE,BP240V787C-1PH,9K4433,,43608.28,28260,EA,,EA,8,AF,US,UPS EXT BATTERY PACK 240V TOWER1-PHASE,UPS EXT BATTERY PACK 240V TOWER1-PHASE SU6K SU8K SU10K ING!!!,UPS EXT BATTERY PACK 240V TOWER1-PHASE SU6K SU8K SU10K ING!!!,http://www.wecsysllc.com,,,,,,30,DA,,,,,,,,,,,,B
33411,TRIPP LITE,P131-000,YE3783,,32.87,21.57,EA,,EA,8,AF,TW,HDMI TO VGA ADAPTER CONVERTER 1920X108,HDMI TO VGA ADAPTER CONVERTER 1920X1080 LAPTOP/CHROMEBOOKS M/F ING!!!,HDMI TO VGA ADAPTER CONVERTER 1920X1080 LAPTOP/CHROMEBOOKS M/F ING!!!,http://www.wecsysllc.com,,,,,,30,DA,,,,,,,,,,,,B
33411,TRIPP LITE,P131-06N-MINI,VR5987,,24.66,16.18,EA,,EA,8,AF,TW,6IN MINI HDMI TO VGA ADAPTER CONVERTE,6IN MINI HDMI TO VGA ADAPTER CONVERTER FOR TABLETS/SMARTPHONES ING!!!,6IN MINI HDMI TO VGA ADAPTER CONVERTER FOR TABLETS/SMARTPHONES ING!!!,http://www.wecsysllc.com,,,,,,30,DA,,,,,,,,,,,,B
33411,TRIPP LITE,P137-06N-DVIB,4AU260,,15.62,10.25,EA,,EA,8,AF,TW,MINI DISPLAYPORT DVI ADAPTER CONVERTE,MINI DISPLAYPORT DVI ADAPTER CONVERTER MDP TO DVI M/F 6IN ING!!!,MINI DISPLAYPORT DVI ADAPTER CONVERTER MDP TO DVI M/F 6IN ING!!!,http://www.wecsysllc.com,,,,,,30,DA,,,,,,,,,,,,B
33411,TRIPP LITE,P566-010-VGA,9V7783,,37.81,24.81,EA,,EA,8,AF,TW,10FT HDMI TO VGA M/M ADAPTER CABLE AC,10FT HDMI TO VGA M/M ADAPTER CABLE ACTIVE LOW PROFILE HD15 1080P ING!!!,10FT HDMI TO VGA M/M ADAPTER CABLE ACTIVE LOW PROFILE HD15 1080P ING!!!,http://www.wecsysllc.com,,,,,,30,DA,,,,,,,,,,,,B
33411,TRIPP LITE,P582-006,YN2582,,22.19,14.56,EA,,EA,8,AF,TW,6FT DISPLAYPORT TO HD ADAPTER CABLE DP,6FT DISPLAYPORT TO HD ADAPTER CABLE DP TO HD 1920X1080 M/M ING!!!,6FT DISPLAYPORT TO HD ADAPTER CABLE DP TO HD 1920X1080 M/M ING!!!,http://www.wecsysllc.com,,,,,,30,DA,,,,,,,,,,,,B
33411,TRIPP LITE,P582-006-HD-V2A,9K6470,,54.25,35.6,EA,,EA,8,AF,TW,DISPLAYPORT TO HDMI ADAPTER 6FTCABLE AC,DISPLAYPORT TO HDMI ADAPTER 6FTCABLE ACTIVE DP 1.2A TO HDMI 4K 3FT ING!!!,DISPLAYPORT TO HDMI ADAPTER 6FTCABLE ACTIVE DP 1.2A TO HDMI 4K 3FT ING!!!,http://www.wecsysllc.com,,,,,,30,DA,,,,,,,,,,,,B
33411,TRIPP LITE,P582-010,XT0139,,33.7,22.11,EA,,EA,8,AF,TW,10FT DISPLAYPORT TO HD ADAPTER CABLE DP,10FT DISPLAYPORT TO HD ADAPTER CABLE DP TO HD 1920X1080 M/M ING!!!,10FT DISPLAYPORT TO HD ADAPTER CABLE DP TO HD 1920X1080 M/M ING!!!,http://www.wecsysllc.com,,,,,,30,DA,,,,,,,,,,,,B
33411,TRIPP LITE,P582-015-HD-V2A,9K6473,,72.33,47.46,EA,,EA,8,AF,TW,DISPLAYPORT HDMI ADAPTER 15FT CABLE AC,DISPLAYPORT HDMI ADAPTER 15FT CABLE ACTIVE DP 1.2A TO HDMI 4K 3FT ING!!!,DISPLAYPORT HDMI ADAPTER 15FT CABLE ACTIVE DP 1.2A TO HDMI 4K 3FT ING!!!,http://www.wecsysllc.com,,,,,,30,DA,,,,,,,,,,,,B
33411,TRIPP LITE,P586-006-VGA,TL6676,,36.16,23.73,EA,,EA,8,AF,TW,6FT MINI DPORT TO VGA ADAPTER CABLE AC,6FT MINI DPORT TO VGA ADAPTER CABLE ACTIVE MDP TO VGA HD15 M/M ING!!!,6FT MINI DPORT TO VGA ADAPTER CABLE ACTIVE MDP TO VGA HD15 M/M ING!!!,http://www.wecsysllc.com,,,,,,30,DA,,,,,,,,,,,,B
33411,TRIPP LITE,SRCOOLMVKIT,2KK951,,77.16,50.63,EA,,EA,8,AF,US,MAGNETIC VINYL KIT FOR RACK ENCLOSUR,MAGNETIC VINYL KIT FOR RACK ENCLOSURE AIRFLOW MANAGEMENT ING!!!,MAGNETIC VINYL KIT FOR RACK ENCLOSURE AIRFLOW MANAGEMENT ING!!!,http://www.wecsysllc.com,,,,,,30,DA,,,,,,,,,,,,B
33411,TRIPP LITE,U060-000-KP-BK,4Q2579,,6.14,4.03,EA,,EA,8,AF,TW,USB PANEL MOUNT COUPLER F/F USB 2.0,USB PANEL MOUNT COUPLER F/F USB 2.0 KEYSTONE USB-A ALL-IN-ONE ING!!!,USB PANEL MOUNT COUPLER F/F USB 2.0 KEYSTONE USB-A ALL-IN-ONE ING!!!,http://www.wecsysllc.com,,,,,,30,DA,,,,,,,,,,,,B
33411,TRIPP LITE,U325-000-KP-BK,4G5707,,8.38,5.5,EA,,EA,8,AF,TW,USB KEYSTONE JACK COUPLER F/F USB 3.0,USB KEYSTONE JACK COUPLER F/F USB 3.0 PANEL MOUNT ALL-IN-ONE ING!!!,USB KEYSTONE JACK COUPLER F/F USB 3.0 PANEL MOUNT ALL-IN-ONE ING!!!,http://www.wecsysllc.com,,,,,,30,DA,,,,,,,,,,,,B
33411,"VERBATIM AMERICAS, LLC",49063,PW9451,,11.09,7.28,EA,,EA,8,AF,TW,16GB FLASH DRIVE USB 2.0 SLIDING,16GB FLASH DRIVE USB 2.0 SLIDING PINSTRIPE BLACK 49063 ING!!!,16GB FLASH DRIVE USB 2.0 SLIDING PINSTRIPE BLACK 49063 ING!!!,http://www.wecsysllc.com,,,,,,30,DA,,,,,,,,,,,,B
33411,"VERBATIM AMERICAS, LLC",49064,PW9452,,12.04,7.9,EA,,EA,8,AF,TW,32GB FLASH DRIVE USB 2.0 SLIDING,32GB FLASH DRIVE USB 2.0 SLIDING PINSTRIPE BLACK 49064 ING!!!,32GB FLASH DRIVE USB 2.0 SLIDING PINSTRIPE BLACK 49064 ING!!!,http://www.wecsysllc.com,,,,,,30,DA,,,,,,,,,,,,B
33411,"VERBATIM AMERICAS, LLC",49173,PC6115,,12.54,8.23,EA,,EA,8,AF,TW,32GB FLASH DRIVE USB 3.0 STORE N,32GB FLASH DRIVE USB 3.0 STORE N GO V3 RETRACTABLE 49173 ING!!!,32GB FLASH DRIVE USB 3.0 STORE N GO V3 RETRACTABLE 49173 ING!!!,http://www.wecsysllc.com,,,,,,30,DA,,,,,,,,,,,,B
33411,"VERBATIM AMERICAS, LLC",49196,1V8802,,34.7,22.77,EA,,EA,8,AF,TW,32GB PRO PLUS 600X SDHC MEMORY CARD UHS,32GB PRO PLUS 600X SDHC MEMORY CARD UHS-I V30 U3 CLASS 10 ING!!!,32GB PRO PLUS 600X SDHC MEMORY CARD UHS-I V30 U3 CLASS 10 ING!!!,http://www.wecsysllc.com,,,,,,30,DA,,,,,,,,,,,,B
33411,"VERBATIM AMERICAS, LLC",70026,7HQ086,,76.81,58.2,EA,,EA,8,AF,TW,256GB VI560 SATA III M.2 2280 INTERNAL,256GB VI560 SATA III M.2 2280 INTERNAL SSD ING!!!,256GB VI560 SATA III M.2 2280 INTERNAL SSD ING!!!,http://www.wecsysllc.com,,,,,,30,DA,,,,,,,,,,,,B
33411,"VERBATIM AMERICAS, LLC",70057,6DQ019,,133.25,106.28,EA,,EA,8,AF,TW,128GB STORE N GO SECURE PRO USB3.0 W/HA,128GB STORE N GO SECURE PRO USB3.0 W/HARDWARE ENCRYPTION SILVER ING!!!,128GB STORE N GO SECURE PRO USB3.0 W/HARDWARE ENCRYPTION SILVER ING!!!,http://www.wecsysllc.com,,,,,,30,DA,,,,,,,,,,,,B
33411,"VERBATIM AMERICAS, LLC",70367,7GH752,,79.05,51.87,EA,,EA,8,AF,TW,32GB FINGERPRINT SECURE SILVER USB 3.0,32GB FINGERPRINT SECURE SILVER USB 3.0 FLASH DRIVE ING!!!,32GB FINGERPRINT SECURE SILVER USB 3.0 FLASH DRIVE ING!!!,http://www.wecsysllc.com,,,,,,30,DA,,,,,,,,,,,,B
33411,"VERBATIM AMERICAS, LLC",70368,7GH753,,85.75,65.79,EA,,EA,8,AF,TW,64GB FINGERPRINT SECURE SILVER USB 3.0,64GB FINGERPRINT SECURE SILVER USB 3.0 FLASH DRIVE ING!!!,64GB FINGERPRINT SECURE SILVER USB 3.0 FLASH DRIVE ING!!!,http://www.wecsysllc.com,,,,,,30,DA,,,,,,,,,,,,B
33411,"VERBATIM AMERICAS, LLC",70369,7GH754,,104.93,82.24,EA,,EA,8,AF,TW,128GB FINGERPRINT SECURE SILVERUSB 3.0,128GB FINGERPRINT SECURE SILVERUSB 3.0 FLASH DRIVE ING!!!,128GB FINGERPRINT SECURE SILVERUSB 3.0 FLASH DRIVE ING!!!,http://www.wecsysllc.com,,,,,,30,DA,,,,,,,,,,,,B
33411,"VERBATIM AMERICAS, LLC",70374,7CL294,,205.05,167.01,EA,,EA,8,AF,TW,1TB SSD UPG KIT PLAYSTATION 4,1TB SSD UPG KIT PLAYSTATION 4 ING!!!,1TB SSD UPG KIT PLAYSTATION 4 ING!!!,http://www.wecsysllc.com,,,,,,30,DA,,,,,,,,,,,,B
33411,"VERBATIM AMERICAS, LLC",70376,7CL806,,19.96,13.1,EA,,EA,8,AF,TW,16GB STORE N CLICK USB FLASH DRIVE 2P,16GB STORE N CLICK USB FLASH DRIVE 2PK BLUE YELLOW ING!!!,16GB STORE N CLICK USB FLASH DRIVE 2PK BLUE YELLOW ING!!!,http://www.wecsysllc.com,,,,,,30,DA,,,,,,,,,,,,B
33411,"VERBATIM AMERICAS, LLC",70377,7CL807,,19.96,13.1,EA,,EA,8,AF,TW,16GB STORE N FLIP USB FLASH DRIVE 2P,16GB STORE N FLIP USB FLASH DRIVE 2PK BERRY BLUE ING!!!,16GB STORE N FLIP USB FLASH DRIVE 2PK BERRY BLUE ING!!!,http://www.wecsysllc.com,,,,,,30,DA,,,,,,,,,,,,B
33411,"VERBATIM AMERICAS, LLC",70381,7CL291,,63.63,41.75,EA,,EA,8,AF,TW,128GB VX460 EXT SSD USB 3.1 GEN 1 BL,128GB VX460 EXT SSD USB 3.1 GEN 1 BLACK ING!!!,128GB VX460 EXT SSD USB 3.1 GEN 1 BLACK ING!!!,http://www.wecsysllc.com,,,,,,30,DA,,,,,,,,,,,,B
33411,"VERBATIM AMERICAS, LLC",70382,7CL292,,81.25,62,EA,,EA,8,AF,TW,256GB VX460 EXT SSD USB 3.1 GEN 1 BL,256GB VX460 EXT SSD USB 3.1 GEN 1 BLACK ING!!!,256GB VX460 EXT SSD USB 3.1 GEN 1 BLACK ING!!!,http://www.wecsysllc.com,,,,,,30,DA,,,,,,,,,,,,B
33411,"VERBATIM AMERICAS, LLC",70383,7CL293,,122.06,96.79,EA,,EA,8,AF,TW,512GB VX460 EXT SSD USB 3.1 GEN 1 BL,512GB VX460 EXT SSD USB 3.1 GEN 1 BLACK ING!!!,512GB VX460 EXT SSD USB 3.1 GEN 1 BLACK ING!!!,http://www.wecsysllc.com,,,,,,30,DA,,,,,,,,,,,,B
33411,"VERBATIM AMERICAS, LLC",70384,7HQ087,,125.78,99.95,EA,,EA,8,AF,TW,512GB VI560 SATA III M.2 2280 INTERNAL,512GB VI560 SATA III M.2 2280 INTERNAL SSD ING!!!,512GB VI560 SATA III M.2 2280 INTERNAL SSD ING!!!,http://www.wecsysllc.com,,,,,,30,DA,,,,,,,,,,,,B
33411,"VERBATIM AMERICAS, LLC",70385,7HQ088,,227.37,185.99,EA,,EA,8,AF,TW,1TB VI560 SATA III M.2 2280 INTERNAL,1TB VI560 SATA III M.2 2280 INTERNAL SSD ING!!!,1TB VI560 SATA III M.2 2280 INTERNAL SSD ING!!!,http://www.wecsysllc.com,,,,,,30,DA,,,,,,,,,,,,B
33411,"VERBATIM AMERICAS, LLC",97002,KQ4546,,30.85,20.24,EA,,EA,8,AF,TW,3PK 4GB FLASH DRIVE USB 2.0 STORE N,3PK 4GB FLASH DRIVE USB 2.0 STORE N GO RED GREEN BLUE ING!!!,3PK 4GB FLASH DRIVE USB 2.0 STORE N GO RED GREEN BLUE ING!!!,http://www.wecsysllc.com,,,,,,30,DA,,,,,,,,,,,,B
33411,"VERBATIM AMERICAS, LLC",97015,CA7461,,54.67,35.87,EA,,EA,8,AF,TW,100PK DVD-R 16X 4.7GB WHITE DL+ THER,100PK DVD-R 16X 4.7GB WHITE DL+ THERMAL HUB PRINTABLE SPINDLE ING!!!,100PK DVD-R 16X 4.7GB WHITE DL+ THERMAL HUB PRINTABLE SPINDLE ING!!!,http://www.wecsysllc.com,,,,,,30,DA,,,,,,,,,,,,B
33411,"VERBATIM AMERICAS, LLC",98130,RG8790,,12.54,8.23,EA,,EA,8,AF,TW,32GB NANO FLASH DRIVE USB 2.0 STORE N,32GB NANO FLASH DRIVE USB 2.0 STORE N STAY NANO SIZE 98130 ING!!!,32GB NANO FLASH DRIVE USB 2.0 STORE N STAY NANO SIZE 98130 ING!!!,http://www.wecsysllc.com,,,,,,30,DA,,,,,,,,,,,,B
33411,"VERBATIM AMERICAS, LLC",98425,TT2219,,19.96,13.1,EA,,EA,8,AF,TW,16GB FLASH DRIVE USB 2.0 2PK SWIVEL C,16GB FLASH DRIVE USB 2.0 2PK SWIVEL CAPLESS GREEN PURPLE 98425 ING!!!,16GB FLASH DRIVE USB 2.0 2PK SWIVEL CAPLESS GREEN PURPLE 98425 ING!!!,http://www.wecsysllc.com,,,,,,30,DA,,,,,,,,,,,,B
33411,"VERBATIM AMERICAS, LLC",99828,5DB969,,71.34,46.81,EA,,EA,8,AF,TW,256GB PREMIUM SDXC MEMORY CARD CLASS10,256GB PREMIUM SDXC MEMORY CARD CLASS10 UHS-I V10 U1 ING!!!,256GB PREMIUM SDXC MEMORY CARD CLASS10 UHS-I V10 U1 ING!!!,http://www.wecsysllc.com,,,,,,30,DA,,,,,,,,,,,,B
