VENDPART,PRODNAME,PSC_CODE,GSAPRICE,ISSCODE,QTY_UNIT,MFGPART,OEM_CAGE,MFGNAME,PRODDESC,P_DELIV,LONG_DESCRIPTION,UPC,HAZMAT,TPRSTART,TPRSTOP,TEMPRICE,SHIPPING_STANDARD,SHIPPING_EXPEDITED,SHIPPING_NEXTDAY,Environmentally Preferred Indicator,Environmentally Preferred Justifying Comment,Energy Star Indicator,Energy Star Justifying Comment,Made in the USA Indicator,Made in the USA Justifying Comment,Characteristic Information
K-1013257-10-5D,"Boot, Men's Keen 8"" Mt. Vernon WP, Steel Toe, Cascade Brown, Size 10.5D",8430,197.83,EA,0,1013257-10.5D,,KEEN,"Boot, Men's Keen 8"" Mt. Vernon WP, Steel Toe, Cascade Brown, Size 10.5D",5,"Boot, Men's Keen 8"" Mt. Vernon WP, Steel Toe, Cascade Brown, Size 10.5D",,,,,,,,,,,,,,,
K-1013257-10-5EE,"Boot, Men's Keen 8"" Mt. Vernon WP, Steel Toe, Cascade Brown, Size 10.5EE",8430,197.83,EA,0,1013257-10.5EE,,KEEN,"Boot, Men's Keen 8"" Mt. Vernon WP, Steel Toe, Cascade Brown, Size 10.5EE",5,"Boot, Men's Keen 8"" Mt. Vernon WP, Steel Toe, Cascade Brown, Size 10.5EE",,,,,,,,,,,,,,,
K-1013257-10D,"Boot, Men's Keen 8"" Mt. Vernon WP, Steel Toe, Cascade Brown, Size 10D",8430,197.83,EA,0,1013257-10D,,KEEN,"Boot, Men's Keen 8"" Mt. Vernon WP, Steel Toe, Cascade Brown, Size 10D",5,"Boot, Men's Keen 8"" Mt. Vernon WP, Steel Toe, Cascade Brown, Size 10D",,,,,,,,,,,,,,,
K-1013257-10EE,"Boot, Men's Keen 8"" Mt. Vernon WP, Steel Toe, Cascade Brown, Size 10EE",8430,197.83,EA,0,1013257-10EE,,KEEN,"Boot, Men's Keen 8"" Mt. Vernon WP, Steel Toe, Cascade Brown, Size 10EE",5,"Boot, Men's Keen 8"" Mt. Vernon WP, Steel Toe, Cascade Brown, Size 10EE",,,,,,,,,,,,,,,
K-1013257-11-5D,"Boot, Men's Keen 8"" Mt. Vernon WP, Steel Toe, Cascade Brown, Size 11.5D",8430,197.83,EA,0,1013257-11.5D,,KEEN,"Boot, Men's Keen 8"" Mt. Vernon WP, Steel Toe, Cascade Brown, Size 11.5D",5,"Boot, Men's Keen 8"" Mt. Vernon WP, Steel Toe, Cascade Brown, Size 11.5D",,,,,,,,,,,,,,,
K-1013257-11-5EE,"Boot, Men's Keen 8"" Mt. Vernon WP, Steel Toe, Cascade Brown, Size 11.5EE",8430,197.83,EA,0,1013257-11.5EE,,KEEN,"Boot, Men's Keen 8"" Mt. Vernon WP, Steel Toe, Cascade Brown, Size 11.5EE",5,"Boot, Men's Keen 8"" Mt. Vernon WP, Steel Toe, Cascade Brown, Size 11.5EE",,,,,,,,,,,,,,,
K-1013257-11D,"Boot, Men's Keen 8"" Mt. Vernon WP, Steel Toe, Cascade Brown, Size 11D",8430,197.83,EA,0,1013257-11D,,KEEN,"Boot, Men's Keen 8"" Mt. Vernon WP, Steel Toe, Cascade Brown, Size 11D",5,"Boot, Men's Keen 8"" Mt. Vernon WP, Steel Toe, Cascade Brown, Size 11D",,,,,,,,,,,,,,,
K-1013257-11EE,"Boot, Men's Keen 8"" Mt. Vernon WP, Steel Toe, Cascade Brown, Size 11EE",8430,197.83,EA,0,1013257-11EE,,KEEN,"Boot, Men's Keen 8"" Mt. Vernon WP, Steel Toe, Cascade Brown, Size 11EE",5,"Boot, Men's Keen 8"" Mt. Vernon WP, Steel Toe, Cascade Brown, Size 11EE",,,,,,,,,,,,,,,
K-1013257-12D,"Boot, Men's Keen 8"" Mt. Vernon WP, Steel Toe, Cascade Brown, Size 12D",8430,197.83,EA,0,1013257-12D,,KEEN,"Boot, Men's Keen 8"" Mt. Vernon WP, Steel Toe, Cascade Brown, Size 12D",5,"Boot, Men's Keen 8"" Mt. Vernon WP, Steel Toe, Cascade Brown, Size 12D",,,,,,,,,,,,,,,
K-1013257-12EE,"Boot, Men's Keen 8"" Mt. Vernon WP, Steel Toe, Cascade Brown, Size 12EE",8430,197.83,EA,0,1013257-12EE,,KEEN,"Boot, Men's Keen 8"" Mt. Vernon WP, Steel Toe, Cascade Brown, Size 12EE",5,"Boot, Men's Keen 8"" Mt. Vernon WP, Steel Toe, Cascade Brown, Size 12EE",,,,,,,,,,,,,,,
K-1013257-13D,"Boot, Men's Keen 8"" Mt. Vernon WP, Steel Toe, Cascade Brown, Size 13D",8430,197.83,EA,0,1013257-13D,,KEEN,"Boot, Men's Keen 8"" Mt. Vernon WP, Steel Toe, Cascade Brown, Size 13D",5,"Boot, Men's Keen 8"" Mt. Vernon WP, Steel Toe, Cascade Brown, Size 13D",,,,,,,,,,,,,,,
K-1013257-13EE,"Boot, Men's Keen 8"" Mt. Vernon WP, Steel Toe, Cascade Brown, Size 13EE",8430,197.83,EA,0,1013257-13EE,,KEEN,"Boot, Men's Keen 8"" Mt. Vernon WP, Steel Toe, Cascade Brown, Size 13EE",5,"Boot, Men's Keen 8"" Mt. Vernon WP, Steel Toe, Cascade Brown, Size 13EE",,,,,,,,,,,,,,,
K-1013257-14D,"Boot, Men's Keen 8"" Mt. Vernon WP, Steel Toe, Cascade Brown, Size 14D",8430,197.83,EA,0,1013257-14D,,KEEN,"Boot, Men's Keen 8"" Mt. Vernon WP, Steel Toe, Cascade Brown, Size 14D",5,"Boot, Men's Keen 8"" Mt. Vernon WP, Steel Toe, Cascade Brown, Size 14D",,,,,,,,,,,,,,,
K-1013257-14EE,"Boot, Men's Keen 8"" Mt. Vernon WP, Steel Toe, Cascade Brown, Size 14EE",8430,197.83,EA,0,1013257-14EE,,KEEN,"Boot, Men's Keen 8"" Mt. Vernon WP, Steel Toe, Cascade Brown, Size 14EE",5,"Boot, Men's Keen 8"" Mt. Vernon WP, Steel Toe, Cascade Brown, Size 14EE",,,,,,,,,,,,,,,
K-1013257-15D,"Boot, Men's Keen 8"" Mt. Vernon WP, Steel Toe, Cascade Brown, Size 15D",8430,197.83,EA,0,1013257-15D,,KEEN,"Boot, Men's Keen 8"" Mt. Vernon WP, Steel Toe, Cascade Brown, Size 15D",5,"Boot, Men's Keen 8"" Mt. Vernon WP, Steel Toe, Cascade Brown, Size 15D",,,,,,,,,,,,,,,
K-1013257-15EE,"Boot, Men's Keen 8"" Mt. Vernon WP, Steel Toe, Cascade Brown, Size 15EE",8430,197.83,EA,0,1013257-15EE,,KEEN,"Boot, Men's Keen 8"" Mt. Vernon WP, Steel Toe, Cascade Brown, Size 15EE",5,"Boot, Men's Keen 8"" Mt. Vernon WP, Steel Toe, Cascade Brown, Size 15EE",,,,,,,,,,,,,,,
K-1013257-7-5D,"Boot, Men's Keen 8"" Mt. Vernon WP, Steel Toe, Cascade Brown, Size 7.5D",8430,197.83,EA,0,1013257-7.5D,,KEEN,"Boot, Men's Keen 8"" Mt. Vernon WP, Steel Toe, Cascade Brown, Size 7.5D",5,"Boot, Men's Keen 8"" Mt. Vernon WP, Steel Toe, Cascade Brown, Size 7.5D",,,,,,,,,,,,,,,
K-1013257-7-5EE,"Boot, Men's Keen 8"" Mt. Vernon WP, Steel Toe, Cascade Brown, Size 7.5EE",8430,197.83,EA,0,1013257-7.5EE,,KEEN,"Boot, Men's Keen 8"" Mt. Vernon WP, Steel Toe, Cascade Brown, Size 7.5EE",5,"Boot, Men's Keen 8"" Mt. Vernon WP, Steel Toe, Cascade Brown, Size 7.5EE",,,,,,,,,,,,,,,
K-1013257-7D,"Boot, Men's Keen 8"" Mt. Vernon WP, Steel Toe, Cascade Brown, Size 7D",8430,197.83,EA,0,1013257-7D,,KEEN,"Boot, Men's Keen 8"" Mt. Vernon WP, Steel Toe, Cascade Brown, Size 7D",5,"Boot, Men's Keen 8"" Mt. Vernon WP, Steel Toe, Cascade Brown, Size 7D",,,,,,,,,,,,,,,
K-1013257-7EE,"Boot, Men's Keen 8"" Mt. Vernon WP, Steel Toe, Cascade Brown, Size 7EE",8430,197.83,EA,0,1013257-7EE,,KEEN,"Boot, Men's Keen 8"" Mt. Vernon WP, Steel Toe, Cascade Brown, Size 7EE",5,"Boot, Men's Keen 8"" Mt. Vernon WP, Steel Toe, Cascade Brown, Size 7EE",,,,,,,,,,,,,,,
K-1013257-8-5D,"Boot, Men's Keen 8"" Mt. Vernon WP, Steel Toe, Cascade Brown, Size 8.5D",8430,197.83,EA,0,1013257-8.5D,,KEEN,"Boot, Men's Keen 8"" Mt. Vernon WP, Steel Toe, Cascade Brown, Size 8.5D",5,"Boot, Men's Keen 8"" Mt. Vernon WP, Steel Toe, Cascade Brown, Size 8.5D",,,,,,,,,,,,,,,
K-1013257-8-5EE,"Boot, Men's Keen 8"" Mt. Vernon WP, Steel Toe, Cascade Brown, Size 8.5EE",8430,197.83,EA,0,1013257-8.5EE,,KEEN,"Boot, Men's Keen 8"" Mt. Vernon WP, Steel Toe, Cascade Brown, Size 8.5EE",5,"Boot, Men's Keen 8"" Mt. Vernon WP, Steel Toe, Cascade Brown, Size 8.5EE",,,,,,,,,,,,,,,
K-1013257-8D,"Boot, Men's Keen 8"" Mt. Vernon WP, Steel Toe, Cascade Brown, Size 8D",8430,197.83,EA,0,1013257-8D,,KEEN,"Boot, Men's Keen 8"" Mt. Vernon WP, Steel Toe, Cascade Brown, Size 8D",5,"Boot, Men's Keen 8"" Mt. Vernon WP, Steel Toe, Cascade Brown, Size 8D",,,,,,,,,,,,,,,
K-1013257-8EE,"Boot, Men's Keen 8"" Mt. Vernon WP, Steel Toe, Cascade Brown, Size 8EE",8430,197.83,EA,0,1013257-8EE,,KEEN,"Boot, Men's Keen 8"" Mt. Vernon WP, Steel Toe, Cascade Brown, Size 8EE",5,"Boot, Men's Keen 8"" Mt. Vernon WP, Steel Toe, Cascade Brown, Size 8EE",,,,,,,,,,,,,,,
K-1013257-9-5D,"Boot, Men's Keen 8"" Mt. Vernon WP, Steel Toe, Cascade Brown, Size 9.5D",8430,197.83,EA,0,1013257-9.5D,,KEEN,"Boot, Men's Keen 8"" Mt. Vernon WP, Steel Toe, Cascade Brown, Size 9.5D",5,"Boot, Men's Keen 8"" Mt. Vernon WP, Steel Toe, Cascade Brown, Size 9.5D",,,,,,,,,,,,,,,
K-1013257-9-5EE,"Boot, Men's Keen 8"" Mt. Vernon WP, Steel Toe, Cascade Brown, Size 9.5EE",8430,197.83,EA,0,1013257-9.5EE,,KEEN,"Boot, Men's Keen 8"" Mt. Vernon WP, Steel Toe, Cascade Brown, Size 9.5EE",5,"Boot, Men's Keen 8"" Mt. Vernon WP, Steel Toe, Cascade Brown, Size 9.5EE",,,,,,,,,,,,,,,
K-1013257-9D,"Boot, Men's Keen 8"" Mt. Vernon WP, Steel Toe, Cascade Brown, Size 9D",8430,197.83,EA,0,1013257-9D,,KEEN,"Boot, Men's Keen 8"" Mt. Vernon WP, Steel Toe, Cascade Brown, Size 9D",5,"Boot, Men's Keen 8"" Mt. Vernon WP, Steel Toe, Cascade Brown, Size 9D",,,,,,,,,,,,,,,
K-1013257-9EE,"Boot, Men's Keen 8"" Mt. Vernon WP, Steel Toe, Cascade Brown, Size 9EE",8430,197.83,EA,0,1013257-9EE,,KEEN,"Boot, Men's Keen 8"" Mt. Vernon WP, Steel Toe, Cascade Brown, Size 9EE",5,"Boot, Men's Keen 8"" Mt. Vernon WP, Steel Toe, Cascade Brown, Size 9EE",,,,,,,,,,,,,,,
K-1018024-10-5D,"Boot, Men's Keen 6"" Concord WP, Steel Toe, Steel Grey/ Black, Size 10.5D",8430,164.86,EA,0,1018024-10.5D,,KEEN,"Boot, Men's Keen 6"" Concord WP, Steel Toe, Steel Grey/ Black, Size 10.5D",5,"Boot, Men's Keen 6"" Concord WP, Steel Toe, Steel Grey/ Black, Size 10.5D",,,,,,,,,,,,,,,
K-1018024-10-5EE,"Boot, Men's Keen 6"" Concord WP, Steel Toe, Steel Grey/ Black, Size 10.5EE",8430,164.86,EA,0,1018024-10.5EE,,KEEN,"Boot, Men's Keen 6"" Concord WP, Steel Toe, Steel Grey/ Black, Size 10.5EE",5,"Boot, Men's Keen 6"" Concord WP, Steel Toe, Steel Grey/ Black, Size 10.5EE",,,,,,,,,,,,,,,
K-1018024-10D,"Boot, Men's Keen 6"" Concord WP, Steel Toe, Steel Grey/ Black, Size 10D",8430,164.86,EA,0,1018024-10D,,KEEN,"Boot, Men's Keen 6"" Concord WP, Steel Toe, Steel Grey/ Black, Size 10D",5,"Boot, Men's Keen 6"" Concord WP, Steel Toe, Steel Grey/ Black, Size 10D",,,,,,,,,,,,,,,
K-1018024-10EE,"Boot, Men's Keen 6"" Concord WP, Steel Toe, Steel Grey/ Black, Size 10EE",8430,164.86,EA,0,1018024-10EE,,KEEN,"Boot, Men's Keen 6"" Concord WP, Steel Toe, Steel Grey/ Black, Size 10EE",5,"Boot, Men's Keen 6"" Concord WP, Steel Toe, Steel Grey/ Black, Size 10EE",,,,,,,,,,,,,,,
K-1018024-11-5D,"Boot, Men's Keen 6"" Concord WP, Steel Toe, Steel Grey/ Black, Size 11.5D",8430,164.86,EA,0,1018024-11.5D,,KEEN,"Boot, Men's Keen 6"" Concord WP, Steel Toe, Steel Grey/ Black, Size 11.5D",5,"Boot, Men's Keen 6"" Concord WP, Steel Toe, Steel Grey/ Black, Size 11.5D",,,,,,,,,,,,,,,
K-1018024-11-5EE,"Boot, Men's Keen 6"" Concord WP, Steel Toe, Steel Grey/ Black, Size 11.5EE",8430,164.86,EA,0,1018024-11.5EE,,KEEN,"Boot, Men's Keen 6"" Concord WP, Steel Toe, Steel Grey/ Black, Size 11.5EE",5,"Boot, Men's Keen 6"" Concord WP, Steel Toe, Steel Grey/ Black, Size 11.5EE",,,,,,,,,,,,,,,
K-1018024-11D,"Boot, Men's Keen 6"" Concord WP, Steel Toe, Steel Grey/ Black, Size 11D",8430,164.86,EA,0,1018024-11D,,KEEN,"Boot, Men's Keen 6"" Concord WP, Steel Toe, Steel Grey/ Black, Size 11D",5,"Boot, Men's Keen 6"" Concord WP, Steel Toe, Steel Grey/ Black, Size 11D",,,,,,,,,,,,,,,
K-1018024-11EE,"Boot, Men's Keen 6"" Concord WP, Steel Toe, Steel Grey/ Black, Size 11EE",8430,164.86,EA,0,1018024-11EE,,KEEN,"Boot, Men's Keen 6"" Concord WP, Steel Toe, Steel Grey/ Black, Size 11EE",5,"Boot, Men's Keen 6"" Concord WP, Steel Toe, Steel Grey/ Black, Size 11EE",,,,,,,,,,,,,,,
K-1018024-12D,"Boot, Men's Keen 6"" Concord WP, Steel Toe, Steel Grey/ Black, Size 12D",8430,164.86,EA,0,1018024-12D,,KEEN,"Boot, Men's Keen 6"" Concord WP, Steel Toe, Steel Grey/ Black, Size 12D",5,"Boot, Men's Keen 6"" Concord WP, Steel Toe, Steel Grey/ Black, Size 12D",,,,,,,,,,,,,,,
K-1018024-12EE,"Boot, Men's Keen 6"" Concord WP, Steel Toe, Steel Grey/ Black, Size 12EE",8430,164.86,EA,0,1018024-12EE,,KEEN,"Boot, Men's Keen 6"" Concord WP, Steel Toe, Steel Grey/ Black, Size 12EE",5,"Boot, Men's Keen 6"" Concord WP, Steel Toe, Steel Grey/ Black, Size 12EE",,,,,,,,,,,,,,,
K-1018024-13D,"Boot, Men's Keen 6"" Concord WP, Steel Toe, Steel Grey/ Black, Size 13D",8430,164.86,EA,0,1018024-13D,,KEEN,"Boot, Men's Keen 6"" Concord WP, Steel Toe, Steel Grey/ Black, Size 13D",5,"Boot, Men's Keen 6"" Concord WP, Steel Toe, Steel Grey/ Black, Size 13D",,,,,,,,,,,,,,,
K-1018024-13EE,"Boot, Men's Keen 6"" Concord WP, Steel Toe, Steel Grey/ Black, Size 13EE",8430,164.86,EA,0,1018024-13EE,,KEEN,"Boot, Men's Keen 6"" Concord WP, Steel Toe, Steel Grey/ Black, Size 13EE",5,"Boot, Men's Keen 6"" Concord WP, Steel Toe, Steel Grey/ Black, Size 13EE",,,,,,,,,,,,,,,
K-1018024-14D,"Boot, Men's Keen 6"" Concord WP, Steel Toe, Steel Grey/ Black, Size 14D",8430,164.86,EA,0,1018024-14D,,KEEN,"Boot, Men's Keen 6"" Concord WP, Steel Toe, Steel Grey/ Black, Size 14D",5,"Boot, Men's Keen 6"" Concord WP, Steel Toe, Steel Grey/ Black, Size 14D",,,,,,,,,,,,,,,
K-1018024-14EE,"Boot, Men's Keen 6"" Concord WP, Steel Toe, Steel Grey/ Black, Size 14EE",8430,164.86,EA,0,1018024-14EE,,KEEN,"Boot, Men's Keen 6"" Concord WP, Steel Toe, Steel Grey/ Black, Size 14EE",5,"Boot, Men's Keen 6"" Concord WP, Steel Toe, Steel Grey/ Black, Size 14EE",,,,,,,,,,,,,,,
K-1018024-15D,"Boot, Men's Keen 6"" Concord WP, Steel Toe, Steel Grey/ Black, Size 15D",8430,164.86,EA,0,1018024-15D,,KEEN,"Boot, Men's Keen 6"" Concord WP, Steel Toe, Steel Grey/ Black, Size 15D",5,"Boot, Men's Keen 6"" Concord WP, Steel Toe, Steel Grey/ Black, Size 15D",,,,,,,,,,,,,,,
K-1018024-15EE,"Boot, Men's Keen 6"" Concord WP, Steel Toe, Steel Grey/ Black, Size 15EE",8430,164.86,EA,0,1018024-15EE,,KEEN,"Boot, Men's Keen 6"" Concord WP, Steel Toe, Steel Grey/ Black, Size 15EE",5,"Boot, Men's Keen 6"" Concord WP, Steel Toe, Steel Grey/ Black, Size 15EE",,,,,,,,,,,,,,,
K-1018024-7-5D,"Boot, Men's Keen 6"" Concord WP, Steel Toe, Steel Grey/ Black, Size 7.5D",8430,164.86,EA,0,1018024-7.5D,,KEEN,"Boot, Men's Keen 6"" Concord WP, Steel Toe, Steel Grey/ Black, Size 7.5D",5,"Boot, Men's Keen 6"" Concord WP, Steel Toe, Steel Grey/ Black, Size 7.5D",,,,,,,,,,,,,,,
K-1018024-7-5EE,"Boot, Men's Keen 6"" Concord WP, Steel Toe, Steel Grey/ Black, Size 7.5EE",8430,164.86,EA,0,1018024-7.5EE,,KEEN,"Boot, Men's Keen 6"" Concord WP, Steel Toe, Steel Grey/ Black, Size 7.5EE",5,"Boot, Men's Keen 6"" Concord WP, Steel Toe, Steel Grey/ Black, Size 7.5EE",,,,,,,,,,,,,,,
K-1018024-7D,"Boot, Men's Keen 6"" Concord WP, Steel Toe, Steel Grey/ Black, Size 7D",8430,164.86,EA,0,1018024-7D,,KEEN,"Boot, Men's Keen 6"" Concord WP, Steel Toe, Steel Grey/ Black, Size 7D",5,"Boot, Men's Keen 6"" Concord WP, Steel Toe, Steel Grey/ Black, Size 7D",,,,,,,,,,,,,,,
K-1018024-7EE,"Boot, Men's Keen 6"" Concord WP, Steel Toe, Steel Grey/ Black, Size 7EE",8430,164.86,EA,0,1018024-7EE,,KEEN,"Boot, Men's Keen 6"" Concord WP, Steel Toe, Steel Grey/ Black, Size 7EE",5,"Boot, Men's Keen 6"" Concord WP, Steel Toe, Steel Grey/ Black, Size 7EE",,,,,,,,,,,,,,,
K-1018024-8-5D,"Boot, Men's Keen 6"" Concord WP, Steel Toe, Steel Grey/ Black, Size 8.5D",8430,164.86,EA,0,1018024-8.5D,,KEEN,"Boot, Men's Keen 6"" Concord WP, Steel Toe, Steel Grey/ Black, Size 8.5D",5,"Boot, Men's Keen 6"" Concord WP, Steel Toe, Steel Grey/ Black, Size 8.5D",,,,,,,,,,,,,,,
K-1018024-8-5EE,"Boot, Men's Keen 6"" Concord WP, Steel Toe, Steel Grey/ Black, Size 8.5EE",8430,164.86,EA,0,1018024-8.5EE,,KEEN,"Boot, Men's Keen 6"" Concord WP, Steel Toe, Steel Grey/ Black, Size 8.5EE",5,"Boot, Men's Keen 6"" Concord WP, Steel Toe, Steel Grey/ Black, Size 8.5EE",,,,,,,,,,,,,,,
K-1018024-8D,"Boot, Men's Keen 6"" Concord WP, Steel Toe, Steel Grey/ Black, Size 8D",8430,164.86,EA,0,1018024-8D,,KEEN,"Boot, Men's Keen 6"" Concord WP, Steel Toe, Steel Grey/ Black, Size 8D",5,"Boot, Men's Keen 6"" Concord WP, Steel Toe, Steel Grey/ Black, Size 8D",,,,,,,,,,,,,,,
K-1018024-8EE,"Boot, Men's Keen 6"" Concord WP, Steel Toe, Steel Grey/ Black, Size 8EE",8430,164.86,EA,0,1018024-8EE,,KEEN,"Boot, Men's Keen 6"" Concord WP, Steel Toe, Steel Grey/ Black, Size 8EE",5,"Boot, Men's Keen 6"" Concord WP, Steel Toe, Steel Grey/ Black, Size 8EE",,,,,,,,,,,,,,,
K-1018024-9-5D,"Boot, Men's Keen 6"" Concord WP, Steel Toe, Steel Grey/ Black, Size 9.5D",8430,164.86,EA,0,1018024-9.5D,,KEEN,"Boot, Men's Keen 6"" Concord WP, Steel Toe, Steel Grey/ Black, Size 9.5D",5,"Boot, Men's Keen 6"" Concord WP, Steel Toe, Steel Grey/ Black, Size 9.5D",,,,,,,,,,,,,,,
K-1018024-9-5EE,"Boot, Men's Keen 6"" Concord WP, Steel Toe, Steel Grey/ Black, Size 9.5EE",8430,164.86,EA,0,1018024-9.5EE,,KEEN,"Boot, Men's Keen 6"" Concord WP, Steel Toe, Steel Grey/ Black, Size 9.5EE",5,"Boot, Men's Keen 6"" Concord WP, Steel Toe, Steel Grey/ Black, Size 9.5EE",,,,,,,,,,,,,,,
K-1018024-9D,"Boot, Men's Keen 6"" Concord WP, Steel Toe, Steel Grey/ Black, Size 9D",8430,164.86,EA,0,1018024-9D,,KEEN,"Boot, Men's Keen 6"" Concord WP, Steel Toe, Steel Grey/ Black, Size 9D",5,"Boot, Men's Keen 6"" Concord WP, Steel Toe, Steel Grey/ Black, Size 9D",,,,,,,,,,,,,,,
K-1018024-9EE,"Boot, Men's Keen 6"" Concord WP, Steel Toe, Steel Grey/ Black, Size 9EE",8430,164.86,EA,0,1018024-9EE,,KEEN,"Boot, Men's Keen 6"" Concord WP, Steel Toe, Steel Grey/ Black, Size 9EE",5,"Boot, Men's Keen 6"" Concord WP, Steel Toe, Steel Grey/ Black, Size 9EE",,,,,,,,,,,,,,,
3M-330-3002,"3M(TM) E-A-R(TM) Earmuffs, Hearing Conservation 330-3002 Model 3000 24 EA/Cas, UPC: 1-00-80529-30001-7, 3M-ID: 70071521044",8470,563.78,EA,0,3M-330-3002,,3M CORPORATION,"3M(TM) E-A-R(TM) Earmuffs, Hearing Conservation 330-3002 Model 3000 24 EA/Cas, UPC: 1-00-80529-30001-7, 3M-ID: 70071521044",5,"3M(TM) E-A-R(TM) Earmuffs, Hearing Conservation 330-3002 Model 3000 24 EA/Cas, UPC: 1-00-80529-30001-7, 3M-ID: 70071521044",,,,,,,,,,,,,,,
3M-330-3031,"3M(TM) E-A-R(TM) Earmuffs, Hearing Conservation 330-3031, Model 2000H, Cap-Mount 24 EA/Case, UPC: 1-00-80529-30013-0, 3M-ID: 70071515418",8470,698.28,EA,0,3M-330-3031,,3M CORPORATION,"3M(TM) E-A-R(TM) Earmuffs, Hearing Conservation 330-3031, Model 2000H, Cap-Mount 24 EA/Case, UPC: 1-00-80529-30013-0, 3M-ID: 70071515418",5,"3M(TM) E-A-R(TM) Earmuffs, Hearing Conservation 330-3031, Model 2000H, Cap-Mount 24 EA/Case, UPC: 1-00-80529-30013-0, 3M-ID: 70071515418",,,,,,,,,,,,,,,
3M-331-3010,"3M(TM) E-A-R(TM) Muff Cushions Hearing Conservation 331-3010 150 PR/Case, UPC: 1-00-80529-31007-8, 3M-ID: 70071521119",8470,844.47,EA,0,3M-331-3010,,3M CORPORATION,"3M(TM) E-A-R(TM) Muff Cushions Hearing Conservation 331-3010 150 PR/Case, UPC: 1-00-80529-31007-8, 3M-ID: 70071521119",5,"3M(TM) E-A-R(TM) Muff Cushions Hearing Conservation 331-3010 150 PR/Case, UPC: 1-00-80529-31007-8, 3M-ID: 70071521119",,,,,,,,,,,,,,,
3M-H7A-PTL,"3M(TM) Peltor(TM) PTL(TM) Earmuff, H7A-PTL, Headband Headset, 10 ea/cs, UPC: 1-00-93045-98169-1, 3M-ID: 70071515608",8470,540.17,EA,0,3M-H7A-PTL,,3M CORPORATION,"3M(TM) Peltor(TM) PTL(TM) Earmuff, H7A-PTL, Headband Headset, 10 ea/cs, UPC: 1-00-93045-98169-1, 3M-ID: 70071515608",5,"3M(TM) Peltor(TM) PTL(TM) Earmuff, H7A-PTL, Headband Headset, 10 ea/cs, UPC: 1-00-93045-98169-1, 3M-ID: 70071515608",,,,,,,,,,,,,,,
3M-H7P3E-PTL,"3M(TM) Peltor(TM) PTL(TM) Earmuff, H7P3E-PTL, Hard Hat Mount Headset 10 ea/cs, UPC: 1-00-93045-98170-7, 3M-ID: 70071515590",8470,584.12,EA,0,3M-H7P3E-PTL,,3M CORPORATION,"3M(TM) Peltor(TM) PTL(TM) Earmuff, H7P3E-PTL, Hard Hat Mount Headset 10 ea/cs, UPC: 1-00-93045-98170-7, 3M-ID: 70071515590",5,"3M(TM) Peltor(TM) PTL(TM) Earmuff, H7P3E-PTL, Hard Hat Mount Headset 10 ea/cs, UPC: 1-00-93045-98170-7, 3M-ID: 70071515590",,,,,,,,,,,,,,,
3M-MT7H7F4010-NA-50,The 3M PELTOR LiteCom Pro II UHF radio headset offers an intrinsically safe and convenient way to help your team communicate in noisy environments. It features software programmability in order to tailor settings to your specific workplace needs.  UP,8470,888.96,EA,0,3M-MT7H7F4010-NA-50,,3M CORPORATION,The 3M PELTOR LiteCom Pro II UHF radio headset offers an intrinsically safe and convenient way to help your team communicate in noisy environments. It features software programmability in order to tailor settings to your specific workplace needs. UP,5,The 3M PELTOR LiteCom Pro II UHF radio headset offers an intrinsically safe and convenient way to help your team communicate in noisy environments. It features software programmability in order to tailor settings to your specific workplace needs. UP,,,,,,,,,,,,,,,
3M-X4A,"3M(TM) PELTOR(TM) Over-the-Head Earmuffs X4A/37273(AAD) 10 EA/Case, UPC: 1-00-93045-93726-1, 3M-ID: XA007707863",8470,300.52,EA,0,3M-X4A,,3M CORPORATION,"3M(TM) PELTOR(TM) Over-the-Head Earmuffs X4A/37273(AAD) 10 EA/Case, UPC: 1-00-93045-93726-1, 3M-ID: XA007707863",5,"3M(TM) PELTOR(TM) Over-the-Head Earmuffs X4A/37273(AAD) 10 EA/Case, UPC: 1-00-93045-93726-1, 3M-ID: XA007707863",,,,,,,,,,,,,,,
3M-X4P3E,"3M(TM) Peltor(TM) Cap-Mount Earmuffs X4P3E/37278(AAD), Hearing Conservation, 10 EA/Case, UPC: 1-00-93045-93731-5, 3M-ID: XA007707913",8470,300.52,EA,0,3M-X4P3E,,3M CORPORATION,"3M(TM) Peltor(TM) Cap-Mount Earmuffs X4P3E/37278(AAD), Hearing Conservation, 10 EA/Case, UPC: 1-00-93045-93731-5, 3M-ID: XA007707913",5,"3M(TM) Peltor(TM) Cap-Mount Earmuffs X4P3E/37278(AAD), Hearing Conservation, 10 EA/Case, UPC: 1-00-93045-93731-5, 3M-ID: XA007707913",,,,,,,,,,,,,,,
ML-T9933AF-ABU,"Deployment Bag, Wheeled, AF ABU,  33""x17""x13""",8465,99.75,EA,0,ML-T9933AF-ABU,,MERCURY LUGGAGE,"Deployment Bag, Wheeled, AF ABU, 33""x17""x13""",5,"Deployment Bag, Wheeled, AF ABU, 33""x17""x13""",,,,,,,,,,,,,,,
WB-CM992-10-5M,"Reebok Women's Fusion Max, 8"" Tactical, EH, Total Cushioning Technology, Soft Toe, Coyote, Berry Amendment and AR670-1 compliantt",8430,169.98,EA,0,WB-CM992-10.5M,,WARSON / REEBOK,"Reebok Women's Fusion Max, 8"" Tactical, EH, Total Cushioning Technology, Soft Toe, Coyote, Berry Amendment and AR670-1 compliantt",5,"Reebok Women's Fusion Max, 8"" Tactical, EH, Total Cushioning Technology, Soft Toe, Coyote, Berry Amendment and AR670-1 compliantt",,,,,,,,,,,,,,,
WB-CM992-10-5W,"Reebok Women's Fusion Max, 8"" Tactical, EH, Total Cushioning Technology, Soft Toe, Coyote, Berry Amendment and AR670-1 compliantt",8430,169.98,EA,0,WB-CM992-10.5W,,WARSON / REEBOK,"Reebok Women's Fusion Max, 8"" Tactical, EH, Total Cushioning Technology, Soft Toe, Coyote, Berry Amendment and AR670-1 compliantt",5,"Reebok Women's Fusion Max, 8"" Tactical, EH, Total Cushioning Technology, Soft Toe, Coyote, Berry Amendment and AR670-1 compliantt",,,,,,,,,,,,,,,
WB-CM992-10M,"Reebok Women's Fusion Max, 8"" Tactical, EH, Total Cushioning Technology, Soft Toe, Coyote, Berry Amendment and AR670-1 compliantt",8430,169.98,EA,0,WB-CM992-10M,,WARSON / REEBOK,"Reebok Women's Fusion Max, 8"" Tactical, EH, Total Cushioning Technology, Soft Toe, Coyote, Berry Amendment and AR670-1 compliantt",5,"Reebok Women's Fusion Max, 8"" Tactical, EH, Total Cushioning Technology, Soft Toe, Coyote, Berry Amendment and AR670-1 compliantt",,,,,,,,,,,,,,,
WB-CM992-10W,"Reebok Women's Fusion Max, 8"" Tactical, EH, Total Cushioning Technology, Soft Toe, Coyote, Berry Amendment and AR670-1 compliantt",8430,169.98,EA,0,WB-CM992-10W,,WARSON / REEBOK,"Reebok Women's Fusion Max, 8"" Tactical, EH, Total Cushioning Technology, Soft Toe, Coyote, Berry Amendment and AR670-1 compliantt",5,"Reebok Women's Fusion Max, 8"" Tactical, EH, Total Cushioning Technology, Soft Toe, Coyote, Berry Amendment and AR670-1 compliantt",,,,,,,,,,,,,,,
WB-CM992-11M,"Reebok Women's Fusion Max, 8"" Tactical, EH, Total Cushioning Technology, Soft Toe, Coyote, Berry Amendment and AR670-1 compliantt",8430,169.98,EA,0,WB-CM992-11M,,WARSON / REEBOK,"Reebok Women's Fusion Max, 8"" Tactical, EH, Total Cushioning Technology, Soft Toe, Coyote, Berry Amendment and AR670-1 compliantt",5,"Reebok Women's Fusion Max, 8"" Tactical, EH, Total Cushioning Technology, Soft Toe, Coyote, Berry Amendment and AR670-1 compliantt",,,,,,,,,,,,,,,
WB-CM992-11W,"Reebok Women's Fusion Max, 8"" Tactical, EH, Total Cushioning Technology, Soft Toe, Coyote, Berry Amendment and AR670-1 compliantt",8430,169.98,EA,0,WB-CM992-11W,,WARSON / REEBOK,"Reebok Women's Fusion Max, 8"" Tactical, EH, Total Cushioning Technology, Soft Toe, Coyote, Berry Amendment and AR670-1 compliantt",5,"Reebok Women's Fusion Max, 8"" Tactical, EH, Total Cushioning Technology, Soft Toe, Coyote, Berry Amendment and AR670-1 compliantt",,,,,,,,,,,,,,,
WB-CM992-6-5M,"Reebok Women's Fusion Max, 8"" Tactical, EH, Total Cushioning Technology, Soft Toe, Coyote, Berry Amendment and AR670-1 compliantt",8430,169.98,EA,0,WB-CM992-6.5M,,WARSON / REEBOK,"Reebok Women's Fusion Max, 8"" Tactical, EH, Total Cushioning Technology, Soft Toe, Coyote, Berry Amendment and AR670-1 compliantt",5,"Reebok Women's Fusion Max, 8"" Tactical, EH, Total Cushioning Technology, Soft Toe, Coyote, Berry Amendment and AR670-1 compliantt",,,,,,,,,,,,,,,
WB-CM992-6M,"Reebok Women's Fusion Max, 8"" Tactical, EH, Total Cushioning Technology, Soft Toe, Coyote, Berry Amendment and AR670-1 compliantt",8430,169.98,EA,0,WB-CM992-6M,,WARSON / REEBOK,"Reebok Women's Fusion Max, 8"" Tactical, EH, Total Cushioning Technology, Soft Toe, Coyote, Berry Amendment and AR670-1 compliantt",5,"Reebok Women's Fusion Max, 8"" Tactical, EH, Total Cushioning Technology, Soft Toe, Coyote, Berry Amendment and AR670-1 compliantt",,,,,,,,,,,,,,,
WB-CM992-6W,"Reebok Women's Fusion Max, 8"" Tactical, EH, Total Cushioning Technology, Soft Toe, Coyote, Berry Amendment and AR670-1 compliantt",8430,169.98,EA,0,WB-CM992-6W,,WARSON / REEBOK,"Reebok Women's Fusion Max, 8"" Tactical, EH, Total Cushioning Technology, Soft Toe, Coyote, Berry Amendment and AR670-1 compliantt",5,"Reebok Women's Fusion Max, 8"" Tactical, EH, Total Cushioning Technology, Soft Toe, Coyote, Berry Amendment and AR670-1 compliantt",,,,,,,,,,,,,,,
WB-CM992-7-5M,"Reebok Women's Fusion Max, 8"" Tactical, EH, Total Cushioning Technology, Soft Toe, Coyote, Berry Amendment and AR670-1 compliantt",8430,169.98,EA,0,WB-CM992-7.5M,,WARSON / REEBOK,"Reebok Women's Fusion Max, 8"" Tactical, EH, Total Cushioning Technology, Soft Toe, Coyote, Berry Amendment and AR670-1 compliantt",5,"Reebok Women's Fusion Max, 8"" Tactical, EH, Total Cushioning Technology, Soft Toe, Coyote, Berry Amendment and AR670-1 compliantt",,,,,,,,,,,,,,,
WB-CM992-7-5W,"Reebok Women's Fusion Max, 8"" Tactical, EH, Total Cushioning Technology, Soft Toe, Coyote, Berry Amendment and AR670-1 compliantt",8430,169.98,EA,0,WB-CM992-7.5W,,WARSON / REEBOK,"Reebok Women's Fusion Max, 8"" Tactical, EH, Total Cushioning Technology, Soft Toe, Coyote, Berry Amendment and AR670-1 compliantt",5,"Reebok Women's Fusion Max, 8"" Tactical, EH, Total Cushioning Technology, Soft Toe, Coyote, Berry Amendment and AR670-1 compliantt",,,,,,,,,,,,,,,
WB-CM992-7M,"Reebok Women's Fusion Max, 8"" Tactical, EH, Total Cushioning Technology, Soft Toe, Coyote, Berry Amendment and AR670-1 compliantt",8430,169.98,EA,0,WB-CM992-7M,,WARSON / REEBOK,"Reebok Women's Fusion Max, 8"" Tactical, EH, Total Cushioning Technology, Soft Toe, Coyote, Berry Amendment and AR670-1 compliantt",5,"Reebok Women's Fusion Max, 8"" Tactical, EH, Total Cushioning Technology, Soft Toe, Coyote, Berry Amendment and AR670-1 compliantt",,,,,,,,,,,,,,,
WB-CM992-7W,"Reebok Women's Fusion Max, 8"" Tactical, EH, Total Cushioning Technology, Soft Toe, Coyote, Berry Amendment and AR670-1 compliantt",8430,169.98,EA,0,WB-CM992-7W,,WARSON / REEBOK,"Reebok Women's Fusion Max, 8"" Tactical, EH, Total Cushioning Technology, Soft Toe, Coyote, Berry Amendment and AR670-1 compliantt",5,"Reebok Women's Fusion Max, 8"" Tactical, EH, Total Cushioning Technology, Soft Toe, Coyote, Berry Amendment and AR670-1 compliantt",,,,,,,,,,,,,,,
WB-CM992-8-5M,"Reebok Women's Fusion Max, 8"" Tactical, EH, Total Cushioning Technology, Soft Toe, Coyote, Berry Amendment and AR670-1 compliantt",8430,169.98,EA,0,WB-CM992-8.5M,,WARSON / REEBOK,"Reebok Women's Fusion Max, 8"" Tactical, EH, Total Cushioning Technology, Soft Toe, Coyote, Berry Amendment and AR670-1 compliantt",5,"Reebok Women's Fusion Max, 8"" Tactical, EH, Total Cushioning Technology, Soft Toe, Coyote, Berry Amendment and AR670-1 compliantt",,,,,,,,,,,,,,,
WB-CM992-8-5W,"Reebok Women's Fusion Max, 8"" Tactical, EH, Total Cushioning Technology, Soft Toe, Coyote, Berry Amendment and AR670-1 compliantt",8430,169.98,EA,0,WB-CM992-8.5W,,WARSON / REEBOK,"Reebok Women's Fusion Max, 8"" Tactical, EH, Total Cushioning Technology, Soft Toe, Coyote, Berry Amendment and AR670-1 compliantt",5,"Reebok Women's Fusion Max, 8"" Tactical, EH, Total Cushioning Technology, Soft Toe, Coyote, Berry Amendment and AR670-1 compliantt",,,,,,,,,,,,,,,
WB-CM992-8M,"Reebok Women's Fusion Max, 8"" Tactical, EH, Total Cushioning Technology, Soft Toe, Coyote, Berry Amendment and AR670-1 compliantt",8430,169.98,EA,0,WB-CM992-8M,,WARSON / REEBOK,"Reebok Women's Fusion Max, 8"" Tactical, EH, Total Cushioning Technology, Soft Toe, Coyote, Berry Amendment and AR670-1 compliantt",5,"Reebok Women's Fusion Max, 8"" Tactical, EH, Total Cushioning Technology, Soft Toe, Coyote, Berry Amendment and AR670-1 compliantt",,,,,,,,,,,,,,,
WB-CM992-8W,"Reebok Women's Fusion Max, 8"" Tactical, EH, Total Cushioning Technology, Soft Toe, Coyote, Berry Amendment and AR670-1 compliantt",8430,169.98,EA,0,WB-CM992-8W,,WARSON / REEBOK,"Reebok Women's Fusion Max, 8"" Tactical, EH, Total Cushioning Technology, Soft Toe, Coyote, Berry Amendment and AR670-1 compliantt",5,"Reebok Women's Fusion Max, 8"" Tactical, EH, Total Cushioning Technology, Soft Toe, Coyote, Berry Amendment and AR670-1 compliantt",,,,,,,,,,,,,,,
WB-CM992-9-5M,"Reebok Women's Fusion Max, 8"" Tactical, EH, Total Cushioning Technology, Soft Toe, Coyote, Berry Amendment and AR670-1 compliantt",8430,169.98,EA,0,WB-CM992-9.5M,,WARSON / REEBOK,"Reebok Women's Fusion Max, 8"" Tactical, EH, Total Cushioning Technology, Soft Toe, Coyote, Berry Amendment and AR670-1 compliantt",5,"Reebok Women's Fusion Max, 8"" Tactical, EH, Total Cushioning Technology, Soft Toe, Coyote, Berry Amendment and AR670-1 compliantt",,,,,,,,,,,,,,,
WB-CM992-9-5W,"Reebok Women's Fusion Max, 8"" Tactical, EH, Total Cushioning Technology, Soft Toe, Coyote, Berry Amendment and AR670-1 compliantt",8430,169.98,EA,0,WB-CM992-9.5W,,WARSON / REEBOK,"Reebok Women's Fusion Max, 8"" Tactical, EH, Total Cushioning Technology, Soft Toe, Coyote, Berry Amendment and AR670-1 compliantt",5,"Reebok Women's Fusion Max, 8"" Tactical, EH, Total Cushioning Technology, Soft Toe, Coyote, Berry Amendment and AR670-1 compliantt",,,,,,,,,,,,,,,
WB-CM992-9M,"Reebok Women's Fusion Max, 8"" Tactical, EH, Total Cushioning Technology, Soft Toe, Coyote, Berry Amendment and AR670-1 compliantt",8430,169.98,EA,0,WB-CM992-9M,,WARSON / REEBOK,"Reebok Women's Fusion Max, 8"" Tactical, EH, Total Cushioning Technology, Soft Toe, Coyote, Berry Amendment and AR670-1 compliantt",5,"Reebok Women's Fusion Max, 8"" Tactical, EH, Total Cushioning Technology, Soft Toe, Coyote, Berry Amendment and AR670-1 compliantt",,,,,,,,,,,,,,,
WB-CM992-9W,"Reebok Women's Fusion Max, 8"" Tactical, EH, Total Cushioning Technology, Soft Toe, Coyote, Berry Amendment and AR670-1 compliantt",8430,169.98,EA,0,WB-CM992-9W,,WARSON / REEBOK,"Reebok Women's Fusion Max, 8"" Tactical, EH, Total Cushioning Technology, Soft Toe, Coyote, Berry Amendment and AR670-1 compliantt",5,"Reebok Women's Fusion Max, 8"" Tactical, EH, Total Cushioning Technology, Soft Toe, Coyote, Berry Amendment and AR670-1 compliantt",,,,,,,,,,,,,,,
TH-804-3268-10-5EE,"Boot, Men's Thorogood 6"" Omni, Steel Toe, Waterproof, EH Rated, Brown",8430,219.45,EA,0,804-3268-10.5EE,,THOROGOOD,"Boot, Men's Thorogood 6"" Omni, Steel Toe, Waterproof, EH Rated, Brown",5,"Boot, Men's Thorogood 6"" Omni, Steel Toe, Waterproof, EH Rated, Brown",,,,,,,,,,,,,,,
TH-804-3268-10D,"Boot, Men's Thorogood 6"" Omni, Steel Toe, Waterproof, EH Rated, Brown",8430,219.45,EA,0,804-3268-10D,,THOROGOOD,"Boot, Men's Thorogood 6"" Omni, Steel Toe, Waterproof, EH Rated, Brown",5,"Boot, Men's Thorogood 6"" Omni, Steel Toe, Waterproof, EH Rated, Brown",,,,,,,,,,,,,,,
TH-804-3268-11-5D,"Boot, Men's Thorogood 6"" Omni, Steel Toe, Waterproof, EH Rated, Brown",8430,219.45,EA,0,804-3268-11.5D,,THOROGOOD,"Boot, Men's Thorogood 6"" Omni, Steel Toe, Waterproof, EH Rated, Brown",5,"Boot, Men's Thorogood 6"" Omni, Steel Toe, Waterproof, EH Rated, Brown",,,,,,,,,,,,,,,
TH-804-3268-10EE,"Boot, Men's Thorogood 6"" Omni, Steel Toe, Waterproof, EH Rated, Brown",8430,219.45,EA,0,804-3268-10EE,,THOROGOOD,"Boot, Men's Thorogood 6"" Omni, Steel Toe, Waterproof, EH Rated, Brown",5,"Boot, Men's Thorogood 6"" Omni, Steel Toe, Waterproof, EH Rated, Brown",,,,,,,,,,,,,,,
TH-804-3268-10-5D,"Boot, Men's Thorogood 6"" Omni, Steel Toe, Waterproof, EH Rated, Brown",8430,219.45,EA,0,804-3268-10.5D,,THOROGOOD,"Boot, Men's Thorogood 6"" Omni, Steel Toe, Waterproof, EH Rated, Brown",5,"Boot, Men's Thorogood 6"" Omni, Steel Toe, Waterproof, EH Rated, Brown",,,,,,,,,,,,,,,
TH-804-3268-12EE,"Boot, Men's Thorogood 6"" Omni, Steel Toe, Waterproof, EH Rated, Brown",8430,219.45,EA,0,804-3268-12EE,,THOROGOOD,"Boot, Men's Thorogood 6"" Omni, Steel Toe, Waterproof, EH Rated, Brown",5,"Boot, Men's Thorogood 6"" Omni, Steel Toe, Waterproof, EH Rated, Brown",,,,,,,,,,,,,,,
TH-804-3268-12D,"Boot, Men's Thorogood 6"" Omni, Steel Toe, Waterproof, EH Rated, Brown",8430,219.45,EA,0,804-3268-12D,,THOROGOOD,"Boot, Men's Thorogood 6"" Omni, Steel Toe, Waterproof, EH Rated, Brown",5,"Boot, Men's Thorogood 6"" Omni, Steel Toe, Waterproof, EH Rated, Brown",,,,,,,,,,,,,,,
TH-804-3268-11EE,"Boot, Men's Thorogood 6"" Omni, Steel Toe, Waterproof, EH Rated, Brown",8430,219.45,EA,0,804-3268-11EE,,THOROGOOD,"Boot, Men's Thorogood 6"" Omni, Steel Toe, Waterproof, EH Rated, Brown",5,"Boot, Men's Thorogood 6"" Omni, Steel Toe, Waterproof, EH Rated, Brown",,,,,,,,,,,,,,,
TH-804-3268-11D,"Boot, Men's Thorogood 6"" Omni, Steel Toe, Waterproof, EH Rated, Brown",8430,219.45,EA,0,804-3268-11D,,THOROGOOD,"Boot, Men's Thorogood 6"" Omni, Steel Toe, Waterproof, EH Rated, Brown",5,"Boot, Men's Thorogood 6"" Omni, Steel Toe, Waterproof, EH Rated, Brown",,,,,,,,,,,,,,,
TH-804-3268-11-5EE,"Boot, Men's Thorogood 6"" Omni, Steel Toe, Waterproof, EH Rated, Brown",8430,219.45,EA,0,804-3268-11.5EE,,THOROGOOD,"Boot, Men's Thorogood 6"" Omni, Steel Toe, Waterproof, EH Rated, Brown",5,"Boot, Men's Thorogood 6"" Omni, Steel Toe, Waterproof, EH Rated, Brown",,,,,,,,,,,,,,,
TH-804-3268-8-5D,"Boot, Men's Thorogood 6"" Omni, Steel Toe, Waterproof, EH Rated, Brown",8430,219.45,EA,0,804-3268-8.5D,,THOROGOOD,"Boot, Men's Thorogood 6"" Omni, Steel Toe, Waterproof, EH Rated, Brown",5,"Boot, Men's Thorogood 6"" Omni, Steel Toe, Waterproof, EH Rated, Brown",,,,,,,,,,,,,,,
TH-804-3268-14EE,"Boot, Men's Thorogood 6"" Omni, Steel Toe, Waterproof, EH Rated, Brown",8430,219.45,EA,0,804-3268-14EE,,THOROGOOD,"Boot, Men's Thorogood 6"" Omni, Steel Toe, Waterproof, EH Rated, Brown",5,"Boot, Men's Thorogood 6"" Omni, Steel Toe, Waterproof, EH Rated, Brown",,,,,,,,,,,,,,,
TH-804-3268-14D,"Boot, Men's Thorogood 6"" Omni, Steel Toe, Waterproof, EH Rated, Brown",8430,219.45,EA,0,804-3268-14D,,THOROGOOD,"Boot, Men's Thorogood 6"" Omni, Steel Toe, Waterproof, EH Rated, Brown",5,"Boot, Men's Thorogood 6"" Omni, Steel Toe, Waterproof, EH Rated, Brown",,,,,,,,,,,,,,,
TH-804-3268-13EE,"Boot, Men's Thorogood 6"" Omni, Steel Toe, Waterproof, EH Rated, Brown",8430,219.45,EA,0,804-3268-13EE,,THOROGOOD,"Boot, Men's Thorogood 6"" Omni, Steel Toe, Waterproof, EH Rated, Brown",5,"Boot, Men's Thorogood 6"" Omni, Steel Toe, Waterproof, EH Rated, Brown",,,,,,,,,,,,,,,
TH-804-3268-13D,"Boot, Men's Thorogood 6"" Omni, Steel Toe, Waterproof, EH Rated, Brown",8430,219.45,EA,0,804-3268-13D,,THOROGOOD,"Boot, Men's Thorogood 6"" Omni, Steel Toe, Waterproof, EH Rated, Brown",5,"Boot, Men's Thorogood 6"" Omni, Steel Toe, Waterproof, EH Rated, Brown",,,,,,,,,,,,,,,
TH-804-3268-9-5EE,"Boot, Men's Thorogood 6"" Omni, Steel Toe, Waterproof, EH Rated, Brown",8430,219.45,EA,0,804-3268-9.5EE,,THOROGOOD,"Boot, Men's Thorogood 6"" Omni, Steel Toe, Waterproof, EH Rated, Brown",5,"Boot, Men's Thorogood 6"" Omni, Steel Toe, Waterproof, EH Rated, Brown",,,,,,,,,,,,,,,
TH-804-3268-9-5D,"Boot, Men's Thorogood 6"" Omni, Steel Toe, Waterproof, EH Rated, Brown",8430,219.45,EA,0,804-3268-9.5D,,THOROGOOD,"Boot, Men's Thorogood 6"" Omni, Steel Toe, Waterproof, EH Rated, Brown",5,"Boot, Men's Thorogood 6"" Omni, Steel Toe, Waterproof, EH Rated, Brown",,,,,,,,,,,,,,,
TH-804-3268-8EE,"Boot, Men's Thorogood 6"" Omni, Steel Toe, Waterproof, EH Rated, Brown",8430,219.45,EA,0,804-3268-8EE,,THOROGOOD,"Boot, Men's Thorogood 6"" Omni, Steel Toe, Waterproof, EH Rated, Brown",5,"Boot, Men's Thorogood 6"" Omni, Steel Toe, Waterproof, EH Rated, Brown",,,,,,,,,,,,,,,
TH-804-3268-8D,"Boot, Men's Thorogood 6"" Omni, Steel Toe, Waterproof, EH Rated, Brown",8430,219.45,EA,0,804-3268-8D,,THOROGOOD,"Boot, Men's Thorogood 6"" Omni, Steel Toe, Waterproof, EH Rated, Brown",5,"Boot, Men's Thorogood 6"" Omni, Steel Toe, Waterproof, EH Rated, Brown",,,,,,,,,,,,,,,
TH-804-3268-8-5EE,"Boot, Men's Thorogood 6"" Omni, Steel Toe, Waterproof, EH Rated, Brown",8430,219.45,EA,0,804-3268-8.5EE,,THOROGOOD,"Boot, Men's Thorogood 6"" Omni, Steel Toe, Waterproof, EH Rated, Brown",5,"Boot, Men's Thorogood 6"" Omni, Steel Toe, Waterproof, EH Rated, Brown",,,,,,,,,,,,,,,
TH-804-3268-9EE,"Boot, Men's Thorogood 6"" Omni, Steel Toe, Waterproof, EH Rated, Brown",8430,219.45,EA,0,804-3268-9EE,,THOROGOOD,"Boot, Men's Thorogood 6"" Omni, Steel Toe, Waterproof, EH Rated, Brown",5,"Boot, Men's Thorogood 6"" Omni, Steel Toe, Waterproof, EH Rated, Brown",,,,,,,,,,,,,,,
TH-804-3268-9D,"Boot, Men's Thorogood 6"" Omni, Steel Toe, Waterproof, EH Rated, Brown",8430,219.45,EA,0,804-3268-9D,,THOROGOOD,"Boot, Men's Thorogood 6"" Omni, Steel Toe, Waterproof, EH Rated, Brown",5,"Boot, Men's Thorogood 6"" Omni, Steel Toe, Waterproof, EH Rated, Brown",,,,,,,,,,,,,,,
CHT-CMZ8340-8M,"Boot, Men's Carhartt 8"" USA Work Boot, Composite Toe, EH Rated, Storm Defender Waterproof Breathable Membrane, Fastdry Lining, PU Outsole, Color: Brown",8430,184.99,EA,0,CHT-CMZ8340-8M,,CARHARTT,"Boot, Men's Carhartt 8"" USA Work Boot, Composite Toe, EH Rated, Storm Defender Waterproof Breathable Membrane, Fastdry Lining, PU Outsole, Color: Brown",5,"Boot, Men's Carhartt 8"" USA Work Boot, Composite Toe, EH Rated, Storm Defender Waterproof Breathable Membrane, Fastdry Lining, PU Outsole, Color: Brown",,,,,,,,,,,,,,,
CHT-CMZ8340-8W,"Boot, Men's Carhartt 8"" USA Work Boot, Composite Toe, EH Rated, Storm Defender Waterproof Breathable Membrane, Fastdry Lining, PU Outsole, Color: Brown",8430,184.99,EA,0,CHT-CMZ8340-8W,,CARHARTT,"Boot, Men's Carhartt 8"" USA Work Boot, Composite Toe, EH Rated, Storm Defender Waterproof Breathable Membrane, Fastdry Lining, PU Outsole, Color: Brown",5,"Boot, Men's Carhartt 8"" USA Work Boot, Composite Toe, EH Rated, Storm Defender Waterproof Breathable Membrane, Fastdry Lining, PU Outsole, Color: Brown",,,,,,,,,,,,,,,
CHT-CMZ8340-8-5M,"Boot, Men's Carhartt 8"" USA Work Boot, Composite Toe, EH Rated, Storm Defender Waterproof Breathable Membrane, Fastdry Lining, PU Outsole, Color: Brown",8430,184.99,EA,0,CHT-CMZ8340-8.5M,,CARHARTT,"Boot, Men's Carhartt 8"" USA Work Boot, Composite Toe, EH Rated, Storm Defender Waterproof Breathable Membrane, Fastdry Lining, PU Outsole, Color: Brown",5,"Boot, Men's Carhartt 8"" USA Work Boot, Composite Toe, EH Rated, Storm Defender Waterproof Breathable Membrane, Fastdry Lining, PU Outsole, Color: Brown",,,,,,,,,,,,,,,
CHT-CMZ8340-8-5W,"Boot, Men's Carhartt 8"" USA Work Boot, Composite Toe, EH Rated, Storm Defender Waterproof Breathable Membrane, Fastdry Lining, PU Outsole, Color: Brown",8430,184.99,EA,0,CHT-CMZ8340-8.5W,,CARHARTT,"Boot, Men's Carhartt 8"" USA Work Boot, Composite Toe, EH Rated, Storm Defender Waterproof Breathable Membrane, Fastdry Lining, PU Outsole, Color: Brown",5,"Boot, Men's Carhartt 8"" USA Work Boot, Composite Toe, EH Rated, Storm Defender Waterproof Breathable Membrane, Fastdry Lining, PU Outsole, Color: Brown",,,,,,,,,,,,,,,
CHT-CMZ8340-9M,"Boot, Men's Carhartt 8"" USA Work Boot, Composite Toe, EH Rated, Storm Defender Waterproof Breathable Membrane, Fastdry Lining, PU Outsole, Color: Brown",8430,184.99,EA,0,CHT-CMZ8340-9M,,CARHARTT,"Boot, Men's Carhartt 8"" USA Work Boot, Composite Toe, EH Rated, Storm Defender Waterproof Breathable Membrane, Fastdry Lining, PU Outsole, Color: Brown",5,"Boot, Men's Carhartt 8"" USA Work Boot, Composite Toe, EH Rated, Storm Defender Waterproof Breathable Membrane, Fastdry Lining, PU Outsole, Color: Brown",,,,,,,,,,,,,,,
CHT-CMZ8340-9W,"Boot, Men's Carhartt 8"" USA Work Boot, Composite Toe, EH Rated, Storm Defender Waterproof Breathable Membrane, Fastdry Lining, PU Outsole, Color: Brown",8430,184.99,EA,0,CHT-CMZ8340-9W,,CARHARTT,"Boot, Men's Carhartt 8"" USA Work Boot, Composite Toe, EH Rated, Storm Defender Waterproof Breathable Membrane, Fastdry Lining, PU Outsole, Color: Brown",5,"Boot, Men's Carhartt 8"" USA Work Boot, Composite Toe, EH Rated, Storm Defender Waterproof Breathable Membrane, Fastdry Lining, PU Outsole, Color: Brown",,,,,,,,,,,,,,,
CHT-CMZ8340-9-5M,"Boot, Men's Carhartt 8"" USA Work Boot, Composite Toe, EH Rated, Storm Defender Waterproof Breathable Membrane, Fastdry Lining, PU Outsole, Color: Brown",8430,184.99,EA,0,CHT-CMZ8340-9.5M,,CARHARTT,"Boot, Men's Carhartt 8"" USA Work Boot, Composite Toe, EH Rated, Storm Defender Waterproof Breathable Membrane, Fastdry Lining, PU Outsole, Color: Brown",5,"Boot, Men's Carhartt 8"" USA Work Boot, Composite Toe, EH Rated, Storm Defender Waterproof Breathable Membrane, Fastdry Lining, PU Outsole, Color: Brown",,,,,,,,,,,,,,,
CHT-CMZ8340-9-5W,"Boot, Men's Carhartt 8"" USA Work Boot, Composite Toe, EH Rated, Storm Defender Waterproof Breathable Membrane, Fastdry Lining, PU Outsole, Color: Brown",8430,184.99,EA,0,CHT-CMZ8340-9.5W,,CARHARTT,"Boot, Men's Carhartt 8"" USA Work Boot, Composite Toe, EH Rated, Storm Defender Waterproof Breathable Membrane, Fastdry Lining, PU Outsole, Color: Brown",5,"Boot, Men's Carhartt 8"" USA Work Boot, Composite Toe, EH Rated, Storm Defender Waterproof Breathable Membrane, Fastdry Lining, PU Outsole, Color: Brown",,,,,,,,,,,,,,,
CHT-CMZ8340-10M,"Boot, Men's Carhartt 8"" USA Work Boot, Composite Toe, EH Rated, Storm Defender Waterproof Breathable Membrane, Fastdry Lining, PU Outsole, Color: Brown",8430,184.99,EA,0,CHT-CMZ8340-10M,,CARHARTT,"Boot, Men's Carhartt 8"" USA Work Boot, Composite Toe, EH Rated, Storm Defender Waterproof Breathable Membrane, Fastdry Lining, PU Outsole, Color: Brown",5,"Boot, Men's Carhartt 8"" USA Work Boot, Composite Toe, EH Rated, Storm Defender Waterproof Breathable Membrane, Fastdry Lining, PU Outsole, Color: Brown",,,,,,,,,,,,,,,
CHT-CMZ8340-10W,"Boot, Men's Carhartt 8"" USA Work Boot, Composite Toe, EH Rated, Storm Defender Waterproof Breathable Membrane, Fastdry Lining, PU Outsole, Color: Brown",8430,184.99,EA,0,CHT-CMZ8340-10W,,CARHARTT,"Boot, Men's Carhartt 8"" USA Work Boot, Composite Toe, EH Rated, Storm Defender Waterproof Breathable Membrane, Fastdry Lining, PU Outsole, Color: Brown",5,"Boot, Men's Carhartt 8"" USA Work Boot, Composite Toe, EH Rated, Storm Defender Waterproof Breathable Membrane, Fastdry Lining, PU Outsole, Color: Brown",,,,,,,,,,,,,,,
CHT-CMZ8340-10-5M,"Boot, Men's Carhartt 8"" USA Work Boot, Composite Toe, EH Rated, Storm Defender Waterproof Breathable Membrane, Fastdry Lining, PU Outsole, Color: Brown",8430,184.99,EA,0,CHT-CMZ8340-10.5M,,CARHARTT,"Boot, Men's Carhartt 8"" USA Work Boot, Composite Toe, EH Rated, Storm Defender Waterproof Breathable Membrane, Fastdry Lining, PU Outsole, Color: Brown",5,"Boot, Men's Carhartt 8"" USA Work Boot, Composite Toe, EH Rated, Storm Defender Waterproof Breathable Membrane, Fastdry Lining, PU Outsole, Color: Brown",,,,,,,,,,,,,,,
CHT-CMZ8340-10-5W,"Boot, Men's Carhartt 8"" USA Work Boot, Composite Toe, EH Rated, Storm Defender Waterproof Breathable Membrane, Fastdry Lining, PU Outsole, Color: Brown",8430,184.99,EA,0,CHT-CMZ8340-10.5W,,CARHARTT,"Boot, Men's Carhartt 8"" USA Work Boot, Composite Toe, EH Rated, Storm Defender Waterproof Breathable Membrane, Fastdry Lining, PU Outsole, Color: Brown",5,"Boot, Men's Carhartt 8"" USA Work Boot, Composite Toe, EH Rated, Storm Defender Waterproof Breathable Membrane, Fastdry Lining, PU Outsole, Color: Brown",,,,,,,,,,,,,,,
CHT-CMZ8340-11M,"Boot, Men's Carhartt 8"" USA Work Boot, Composite Toe, EH Rated, Storm Defender Waterproof Breathable Membrane, Fastdry Lining, PU Outsole, Color: Brown",8430,184.99,EA,0,CHT-CMZ8340-11M,,CARHARTT,"Boot, Men's Carhartt 8"" USA Work Boot, Composite Toe, EH Rated, Storm Defender Waterproof Breathable Membrane, Fastdry Lining, PU Outsole, Color: Brown",5,"Boot, Men's Carhartt 8"" USA Work Boot, Composite Toe, EH Rated, Storm Defender Waterproof Breathable Membrane, Fastdry Lining, PU Outsole, Color: Brown",,,,,,,,,,,,,,,
CHT-CMZ8340-11W,"Boot, Men's Carhartt 8"" USA Work Boot, Composite Toe, EH Rated, Storm Defender Waterproof Breathable Membrane, Fastdry Lining, PU Outsole, Color: Brown",8430,184.99,EA,0,CHT-CMZ8340-11W,,CARHARTT,"Boot, Men's Carhartt 8"" USA Work Boot, Composite Toe, EH Rated, Storm Defender Waterproof Breathable Membrane, Fastdry Lining, PU Outsole, Color: Brown",5,"Boot, Men's Carhartt 8"" USA Work Boot, Composite Toe, EH Rated, Storm Defender Waterproof Breathable Membrane, Fastdry Lining, PU Outsole, Color: Brown",,,,,,,,,,,,,,,
CHT-CMZ8340-11-5M,"Boot, Men's Carhartt 8"" USA Work Boot, Composite Toe, EH Rated, Storm Defender Waterproof Breathable Membrane, Fastdry Lining, PU Outsole, Color: Brown",8430,184.99,EA,0,CHT-CMZ8340-11.5M,,CARHARTT,"Boot, Men's Carhartt 8"" USA Work Boot, Composite Toe, EH Rated, Storm Defender Waterproof Breathable Membrane, Fastdry Lining, PU Outsole, Color: Brown",5,"Boot, Men's Carhartt 8"" USA Work Boot, Composite Toe, EH Rated, Storm Defender Waterproof Breathable Membrane, Fastdry Lining, PU Outsole, Color: Brown",,,,,,,,,,,,,,,
CHT-CMZ8340-11-5W,"Boot, Men's Carhartt 8"" USA Work Boot, Composite Toe, EH Rated, Storm Defender Waterproof Breathable Membrane, Fastdry Lining, PU Outsole, Color: Brown",8430,184.99,EA,0,CHT-CMZ8340-11.5W,,CARHARTT,"Boot, Men's Carhartt 8"" USA Work Boot, Composite Toe, EH Rated, Storm Defender Waterproof Breathable Membrane, Fastdry Lining, PU Outsole, Color: Brown",5,"Boot, Men's Carhartt 8"" USA Work Boot, Composite Toe, EH Rated, Storm Defender Waterproof Breathable Membrane, Fastdry Lining, PU Outsole, Color: Brown",,,,,,,,,,,,,,,
CHT-CMZ8340-12M,"Boot, Men's Carhartt 8"" USA Work Boot, Composite Toe, EH Rated, Storm Defender Waterproof Breathable Membrane, Fastdry Lining, PU Outsole, Color: Brown",8430,184.99,EA,0,CHT-CMZ8340-12M,,CARHARTT,"Boot, Men's Carhartt 8"" USA Work Boot, Composite Toe, EH Rated, Storm Defender Waterproof Breathable Membrane, Fastdry Lining, PU Outsole, Color: Brown",5,"Boot, Men's Carhartt 8"" USA Work Boot, Composite Toe, EH Rated, Storm Defender Waterproof Breathable Membrane, Fastdry Lining, PU Outsole, Color: Brown",,,,,,,,,,,,,,,
CHT-CMZ8340-13M,"Boot, Men's Carhartt 8"" USA Work Boot, Composite Toe, EH Rated, Storm Defender Waterproof Breathable Membrane, Fastdry Lining, PU Outsole, Color: Brown",8430,184.99,EA,0,CHT-CMZ8340-13M,,CARHARTT,"Boot, Men's Carhartt 8"" USA Work Boot, Composite Toe, EH Rated, Storm Defender Waterproof Breathable Membrane, Fastdry Lining, PU Outsole, Color: Brown",5,"Boot, Men's Carhartt 8"" USA Work Boot, Composite Toe, EH Rated, Storm Defender Waterproof Breathable Membrane, Fastdry Lining, PU Outsole, Color: Brown",,,,,,,,,,,,,,,
CHT-CMZ8340-13W,"Boot, Men's Carhartt 8"" USA Work Boot, Composite Toe, EH Rated, Storm Defender Waterproof Breathable Membrane, Fastdry Lining, PU Outsole, Color: Brown",8430,184.99,EA,0,CHT-CMZ8340-13W,,CARHARTT,"Boot, Men's Carhartt 8"" USA Work Boot, Composite Toe, EH Rated, Storm Defender Waterproof Breathable Membrane, Fastdry Lining, PU Outsole, Color: Brown",5,"Boot, Men's Carhartt 8"" USA Work Boot, Composite Toe, EH Rated, Storm Defender Waterproof Breathable Membrane, Fastdry Lining, PU Outsole, Color: Brown",,,,,,,,,,,,,,,
CHT-CMZ8340-14M,"Boot, Men's Carhartt 8"" USA Work Boot, Composite Toe, EH Rated, Storm Defender Waterproof Breathable Membrane, Fastdry Lining, PU Outsole, Color: Brown",8430,184.99,EA,0,CHT-CMZ8340-14M,,CARHARTT,"Boot, Men's Carhartt 8"" USA Work Boot, Composite Toe, EH Rated, Storm Defender Waterproof Breathable Membrane, Fastdry Lining, PU Outsole, Color: Brown",5,"Boot, Men's Carhartt 8"" USA Work Boot, Composite Toe, EH Rated, Storm Defender Waterproof Breathable Membrane, Fastdry Lining, PU Outsole, Color: Brown",,,,,,,,,,,,,,,
CHT-CMZ8340-14W,"Boot, Men's Carhartt 8"" USA Work Boot, Composite Toe, EH Rated, Storm Defender Waterproof Breathable Membrane, Fastdry Lining, PU Outsole, Color: Brown",8430,184.99,EA,0,CHT-CMZ8340-14W,,CARHARTT,"Boot, Men's Carhartt 8"" USA Work Boot, Composite Toe, EH Rated, Storm Defender Waterproof Breathable Membrane, Fastdry Lining, PU Outsole, Color: Brown",5,"Boot, Men's Carhartt 8"" USA Work Boot, Composite Toe, EH Rated, Storm Defender Waterproof Breathable Membrane, Fastdry Lining, PU Outsole, Color: Brown",,,,,,,,,,,,,,,
CHT-CMZ8040-8M,"Boot, Men's Carhartt 8"" USA Work Boot, Soft Toe, EH Rated, Storm Defender Waterproof Breathable Membrane, Fastdry Lining, PU Outsole, Color: Brown",8430,179.99,EA,0,CHT-CMZ8040-8M,,CARHARTT,"Boot, Men's Carhartt 8"" USA Work Boot, Soft Toe, EH Rated, Storm Defender Waterproof Breathable Membrane, Fastdry Lining, PU Outsole, Color: Brown",5,"Boot, Men's Carhartt 8"" USA Work Boot, Soft Toe, EH Rated, Storm Defender Waterproof Breathable Membrane, Fastdry Lining, PU Outsole, Color: Brown",,,,,,,,,,,,,,,
CHT-CMZ8040-8W,"Boot, Men's Carhartt 8"" USA Work Boot, Soft Toe, EH Rated, Storm Defender Waterproof Breathable Membrane, Fastdry Lining, PU Outsole, Color: Brown",8430,179.99,EA,0,CHT-CMZ8040-8W,,CARHARTT,"Boot, Men's Carhartt 8"" USA Work Boot, Soft Toe, EH Rated, Storm Defender Waterproof Breathable Membrane, Fastdry Lining, PU Outsole, Color: Brown",5,"Boot, Men's Carhartt 8"" USA Work Boot, Soft Toe, EH Rated, Storm Defender Waterproof Breathable Membrane, Fastdry Lining, PU Outsole, Color: Brown",,,,,,,,,,,,,,,
CHT-CMZ8040-8-5M,"Boot, Men's Carhartt 8"" USA Work Boot, Soft Toe, EH Rated, Storm Defender Waterproof Breathable Membrane, Fastdry Lining, PU Outsole, Color: Brown",8430,179.99,EA,0,CHT-CMZ8040-8.5M,,CARHARTT,"Boot, Men's Carhartt 8"" USA Work Boot, Soft Toe, EH Rated, Storm Defender Waterproof Breathable Membrane, Fastdry Lining, PU Outsole, Color: Brown",5,"Boot, Men's Carhartt 8"" USA Work Boot, Soft Toe, EH Rated, Storm Defender Waterproof Breathable Membrane, Fastdry Lining, PU Outsole, Color: Brown",,,,,,,,,,,,,,,
CHT-CMZ8040-8-5W,"Boot, Men's Carhartt 8"" USA Work Boot, Soft Toe, EH Rated, Storm Defender Waterproof Breathable Membrane, Fastdry Lining, PU Outsole, Color: Brown",8430,179.99,EA,0,CHT-CMZ8040-8.5W,,CARHARTT,"Boot, Men's Carhartt 8"" USA Work Boot, Soft Toe, EH Rated, Storm Defender Waterproof Breathable Membrane, Fastdry Lining, PU Outsole, Color: Brown",5,"Boot, Men's Carhartt 8"" USA Work Boot, Soft Toe, EH Rated, Storm Defender Waterproof Breathable Membrane, Fastdry Lining, PU Outsole, Color: Brown",,,,,,,,,,,,,,,
CHT-CMZ8040-9M,"Boot, Men's Carhartt 8"" USA Work Boot, Soft Toe, EH Rated, Storm Defender Waterproof Breathable Membrane, Fastdry Lining, PU Outsole, Color: Brown",8430,179.99,EA,0,CHT-CMZ8040-9M,,CARHARTT,"Boot, Men's Carhartt 8"" USA Work Boot, Soft Toe, EH Rated, Storm Defender Waterproof Breathable Membrane, Fastdry Lining, PU Outsole, Color: Brown",5,"Boot, Men's Carhartt 8"" USA Work Boot, Soft Toe, EH Rated, Storm Defender Waterproof Breathable Membrane, Fastdry Lining, PU Outsole, Color: Brown",,,,,,,,,,,,,,,
CHT-CMZ8040-9W,"Boot, Men's Carhartt 8"" USA Work Boot, Soft Toe, EH Rated, Storm Defender Waterproof Breathable Membrane, Fastdry Lining, PU Outsole, Color: Brown",8430,179.99,EA,0,CHT-CMZ8040-9W,,CARHARTT,"Boot, Men's Carhartt 8"" USA Work Boot, Soft Toe, EH Rated, Storm Defender Waterproof Breathable Membrane, Fastdry Lining, PU Outsole, Color: Brown",5,"Boot, Men's Carhartt 8"" USA Work Boot, Soft Toe, EH Rated, Storm Defender Waterproof Breathable Membrane, Fastdry Lining, PU Outsole, Color: Brown",,,,,,,,,,,,,,,
CHT-CMZ8040-9-5M,"Boot, Men's Carhartt 8"" USA Work Boot, Soft Toe, EH Rated, Storm Defender Waterproof Breathable Membrane, Fastdry Lining, PU Outsole, Color: Brown",8430,179.99,EA,0,CHT-CMZ8040-9.5M,,CARHARTT,"Boot, Men's Carhartt 8"" USA Work Boot, Soft Toe, EH Rated, Storm Defender Waterproof Breathable Membrane, Fastdry Lining, PU Outsole, Color: Brown",5,"Boot, Men's Carhartt 8"" USA Work Boot, Soft Toe, EH Rated, Storm Defender Waterproof Breathable Membrane, Fastdry Lining, PU Outsole, Color: Brown",,,,,,,,,,,,,,,
CHT-CMZ8040-9-5W,"Boot, Men's Carhartt 8"" USA Work Boot, Soft Toe, EH Rated, Storm Defender Waterproof Breathable Membrane, Fastdry Lining, PU Outsole, Color: Brown",8430,179.99,EA,0,CHT-CMZ8040-9.5W,,CARHARTT,"Boot, Men's Carhartt 8"" USA Work Boot, Soft Toe, EH Rated, Storm Defender Waterproof Breathable Membrane, Fastdry Lining, PU Outsole, Color: Brown",5,"Boot, Men's Carhartt 8"" USA Work Boot, Soft Toe, EH Rated, Storm Defender Waterproof Breathable Membrane, Fastdry Lining, PU Outsole, Color: Brown",,,,,,,,,,,,,,,
CHT-CMZ8040-10M,"Boot, Men's Carhartt 8"" USA Work Boot, Soft Toe, EH Rated, Storm Defender Waterproof Breathable Membrane, Fastdry Lining, PU Outsole, Color: Brown",8430,179.99,EA,0,CHT-CMZ8040-10M,,CARHARTT,"Boot, Men's Carhartt 8"" USA Work Boot, Soft Toe, EH Rated, Storm Defender Waterproof Breathable Membrane, Fastdry Lining, PU Outsole, Color: Brown",5,"Boot, Men's Carhartt 8"" USA Work Boot, Soft Toe, EH Rated, Storm Defender Waterproof Breathable Membrane, Fastdry Lining, PU Outsole, Color: Brown",,,,,,,,,,,,,,,
CHT-CMZ8040-10W,"Boot, Men's Carhartt 8"" USA Work Boot, Soft Toe, EH Rated, Storm Defender Waterproof Breathable Membrane, Fastdry Lining, PU Outsole, Color: Brown",8430,179.99,EA,0,CHT-CMZ8040-10W,,CARHARTT,"Boot, Men's Carhartt 8"" USA Work Boot, Soft Toe, EH Rated, Storm Defender Waterproof Breathable Membrane, Fastdry Lining, PU Outsole, Color: Brown",5,"Boot, Men's Carhartt 8"" USA Work Boot, Soft Toe, EH Rated, Storm Defender Waterproof Breathable Membrane, Fastdry Lining, PU Outsole, Color: Brown",,,,,,,,,,,,,,,
CHT-CMZ8340-12W,"Boot, Men's Carhartt 8"" USA Work Boot, Composite Toe, EH Rated, Storm Defender Waterproof Breathable Membrane, Fastdry Lining, PU Outsole, Color: Brown",8430,184.99,EA,0,CHT-CMZ8340-12W,,CARHARTT,"Boot, Men's Carhartt 8"" USA Work Boot, Composite Toe, EH Rated, Storm Defender Waterproof Breathable Membrane, Fastdry Lining, PU Outsole, Color: Brown",5,"Boot, Men's Carhartt 8"" USA Work Boot, Composite Toe, EH Rated, Storm Defender Waterproof Breathable Membrane, Fastdry Lining, PU Outsole, Color: Brown",,,,,,,,,,,,,,,
CHT-CMZ8040-10-5W,"Boot, Men's Carhartt 8"" USA Work Boot, Soft Toe, EH Rated, Storm Defender Waterproof Breathable Membrane, Fastdry Lining, PU Outsole, Color: Brown",8430,179.99,EA,0,CHT-CMZ8040-10.5W,,CARHARTT,"Boot, Men's Carhartt 8"" USA Work Boot, Soft Toe, EH Rated, Storm Defender Waterproof Breathable Membrane, Fastdry Lining, PU Outsole, Color: Brown",5,"Boot, Men's Carhartt 8"" USA Work Boot, Soft Toe, EH Rated, Storm Defender Waterproof Breathable Membrane, Fastdry Lining, PU Outsole, Color: Brown",,,,,,,,,,,,,,,
CHT-CMZ8040-11M,"Boot, Men's Carhartt 8"" USA Work Boot, Soft Toe, EH Rated, Storm Defender Waterproof Breathable Membrane, Fastdry Lining, PU Outsole, Color: Brown",8430,179.99,EA,0,CHT-CMZ8040-11M,,CARHARTT,"Boot, Men's Carhartt 8"" USA Work Boot, Soft Toe, EH Rated, Storm Defender Waterproof Breathable Membrane, Fastdry Lining, PU Outsole, Color: Brown",5,"Boot, Men's Carhartt 8"" USA Work Boot, Soft Toe, EH Rated, Storm Defender Waterproof Breathable Membrane, Fastdry Lining, PU Outsole, Color: Brown",,,,,,,,,,,,,,,
CHT-CMZ8040-11W,"Boot, Men's Carhartt 8"" USA Work Boot, Soft Toe, EH Rated, Storm Defender Waterproof Breathable Membrane, Fastdry Lining, PU Outsole, Color: Brown",8430,179.99,EA,0,CHT-CMZ8040-11W,,CARHARTT,"Boot, Men's Carhartt 8"" USA Work Boot, Soft Toe, EH Rated, Storm Defender Waterproof Breathable Membrane, Fastdry Lining, PU Outsole, Color: Brown",5,"Boot, Men's Carhartt 8"" USA Work Boot, Soft Toe, EH Rated, Storm Defender Waterproof Breathable Membrane, Fastdry Lining, PU Outsole, Color: Brown",,,,,,,,,,,,,,,
CHT-CMZ8040-11-5M,"Boot, Men's Carhartt 8"" USA Work Boot, Soft Toe, EH Rated, Storm Defender Waterproof Breathable Membrane, Fastdry Lining, PU Outsole, Color: Brown",8430,179.99,EA,0,CHT-CMZ8040-11.5M,,CARHARTT,"Boot, Men's Carhartt 8"" USA Work Boot, Soft Toe, EH Rated, Storm Defender Waterproof Breathable Membrane, Fastdry Lining, PU Outsole, Color: Brown",5,"Boot, Men's Carhartt 8"" USA Work Boot, Soft Toe, EH Rated, Storm Defender Waterproof Breathable Membrane, Fastdry Lining, PU Outsole, Color: Brown",,,,,,,,,,,,,,,
CHT-CMZ8040-11-5W,"Boot, Men's Carhartt 8"" USA Work Boot, Soft Toe, EH Rated, Storm Defender Waterproof Breathable Membrane, Fastdry Lining, PU Outsole, Color: Brown",8430,179.99,EA,0,CHT-CMZ8040-11.5W,,CARHARTT,"Boot, Men's Carhartt 8"" USA Work Boot, Soft Toe, EH Rated, Storm Defender Waterproof Breathable Membrane, Fastdry Lining, PU Outsole, Color: Brown",5,"Boot, Men's Carhartt 8"" USA Work Boot, Soft Toe, EH Rated, Storm Defender Waterproof Breathable Membrane, Fastdry Lining, PU Outsole, Color: Brown",,,,,,,,,,,,,,,
CHT-CMZ8040-12M,"Boot, Men's Carhartt 8"" USA Work Boot, Soft Toe, EH Rated, Storm Defender Waterproof Breathable Membrane, Fastdry Lining, PU Outsole, Color: Brown",8430,179.99,EA,0,CHT-CMZ8040-12M,,CARHARTT,"Boot, Men's Carhartt 8"" USA Work Boot, Soft Toe, EH Rated, Storm Defender Waterproof Breathable Membrane, Fastdry Lining, PU Outsole, Color: Brown",5,"Boot, Men's Carhartt 8"" USA Work Boot, Soft Toe, EH Rated, Storm Defender Waterproof Breathable Membrane, Fastdry Lining, PU Outsole, Color: Brown",,,,,,,,,,,,,,,
CHT-CMZ8040-12W,"Boot, Men's Carhartt 8"" USA Work Boot, Soft Toe, EH Rated, Storm Defender Waterproof Breathable Membrane, Fastdry Lining, PU Outsole, Color: Brown",8430,179.99,EA,0,CHT-CMZ8040-12W,,CARHARTT,"Boot, Men's Carhartt 8"" USA Work Boot, Soft Toe, EH Rated, Storm Defender Waterproof Breathable Membrane, Fastdry Lining, PU Outsole, Color: Brown",5,"Boot, Men's Carhartt 8"" USA Work Boot, Soft Toe, EH Rated, Storm Defender Waterproof Breathable Membrane, Fastdry Lining, PU Outsole, Color: Brown",,,,,,,,,,,,,,,
CHT-CMZ8040-13M,"Boot, Men's Carhartt 8"" USA Work Boot, Soft Toe, EH Rated, Storm Defender Waterproof Breathable Membrane, Fastdry Lining, PU Outsole, Color: Brown",8430,179.99,EA,0,CHT-CMZ8040-13M,,CARHARTT,"Boot, Men's Carhartt 8"" USA Work Boot, Soft Toe, EH Rated, Storm Defender Waterproof Breathable Membrane, Fastdry Lining, PU Outsole, Color: Brown",5,"Boot, Men's Carhartt 8"" USA Work Boot, Soft Toe, EH Rated, Storm Defender Waterproof Breathable Membrane, Fastdry Lining, PU Outsole, Color: Brown",,,,,,,,,,,,,,,
CHT-CMZ8040-13W,"Boot, Men's Carhartt 8"" USA Work Boot, Soft Toe, EH Rated, Storm Defender Waterproof Breathable Membrane, Fastdry Lining, PU Outsole, Color: Brown",8430,179.99,EA,0,CHT-CMZ8040-13W,,CARHARTT,"Boot, Men's Carhartt 8"" USA Work Boot, Soft Toe, EH Rated, Storm Defender Waterproof Breathable Membrane, Fastdry Lining, PU Outsole, Color: Brown",5,"Boot, Men's Carhartt 8"" USA Work Boot, Soft Toe, EH Rated, Storm Defender Waterproof Breathable Membrane, Fastdry Lining, PU Outsole, Color: Brown",,,,,,,,,,,,,,,
CHT-CMZ8040-14M,"Boot, Men's Carhartt 8"" USA Work Boot, Soft Toe, EH Rated, Storm Defender Waterproof Breathable Membrane, Fastdry Lining, PU Outsole, Color: Brown",8430,179.99,EA,0,CHT-CMZ8040-14M,,CARHARTT,"Boot, Men's Carhartt 8"" USA Work Boot, Soft Toe, EH Rated, Storm Defender Waterproof Breathable Membrane, Fastdry Lining, PU Outsole, Color: Brown",5,"Boot, Men's Carhartt 8"" USA Work Boot, Soft Toe, EH Rated, Storm Defender Waterproof Breathable Membrane, Fastdry Lining, PU Outsole, Color: Brown",,,,,,,,,,,,,,,
CHT-CMZ8040-14W,"Boot, Men's Carhartt 8"" USA Work Boot, Soft Toe, EH Rated, Storm Defender Waterproof Breathable Membrane, Fastdry Lining, PU Outsole, Color: Brown",8430,179.99,EA,0,CHT-CMZ8040-14W,,CARHARTT,"Boot, Men's Carhartt 8"" USA Work Boot, Soft Toe, EH Rated, Storm Defender Waterproof Breathable Membrane, Fastdry Lining, PU Outsole, Color: Brown",5,"Boot, Men's Carhartt 8"" USA Work Boot, Soft Toe, EH Rated, Storm Defender Waterproof Breathable Membrane, Fastdry Lining, PU Outsole, Color: Brown",,,,,,,,,,,,,,,
CHT-CMZ8040-10-5M,"Boot, Men's Carhartt 8"" USA Work Boot, Soft Toe, EH Rated, Storm Defender Waterproof Breathable Membrane, Fastdry Lining, PU Outsole, Color: Brown",8430,179.99,EA,0,CHT-CMZ8040-10.5M,,CARHARTT,"Boot, Men's Carhartt 8"" USA Work Boot, Soft Toe, EH Rated, Storm Defender Waterproof Breathable Membrane, Fastdry Lining, PU Outsole, Color: Brown",5,"Boot, Men's Carhartt 8"" USA Work Boot, Soft Toe, EH Rated, Storm Defender Waterproof Breathable Membrane, Fastdry Lining, PU Outsole, Color: Brown",,,,,,,,,,,,,,,
